ISO-10303-21;
HEADER;
FILE_DESCRIPTION((''),'2;1');
FILE_NAME('C-1735446-4','2009-07-31T',('workeradm'),(''),
'PRO/ENGINEER BY PARAMETRIC TECHNOLOGY CORPORATION, 2008380',
'PRO/ENGINEER BY PARAMETRIC TECHNOLOGY CORPORATION, 2008380','');
FILE_SCHEMA(('AUTOMOTIVE_DESIGN { 1 0 10303 214 1 1 1 1 }'));
ENDSEC;
DATA;
#13=DIRECTION('',(1.E0,0.E0,0.E0));
#14=VECTOR('',#13,5.E-1);
#15=CARTESIAN_POINT('',(-5.E0,8.3E-1,0.E0));
#16=LINE('',#15,#14);
#17=DIRECTION('',(0.E0,-1.E0,0.E0));
#18=VECTOR('',#17,1.6E0);
#19=CARTESIAN_POINT('',(-5.E0,2.43E0,0.E0));
#20=LINE('',#19,#18);
#21=CARTESIAN_POINT('',(-4.5E0,2.43E0,0.E0));
#22=DIRECTION('',(0.E0,0.E0,1.E0));
#23=DIRECTION('',(0.E0,1.E0,0.E0));
#24=AXIS2_PLACEMENT_3D('',#21,#22,#23);
#26=DIRECTION('',(-1.E0,0.E0,0.E0));
#27=VECTOR('',#26,9.E0);
#28=CARTESIAN_POINT('',(4.5E0,2.93E0,0.E0));
#29=LINE('',#28,#27);
#30=CARTESIAN_POINT('',(4.5E0,2.43E0,0.E0));
#31=DIRECTION('',(0.E0,0.E0,1.E0));
#32=DIRECTION('',(1.E0,0.E0,0.E0));
#33=AXIS2_PLACEMENT_3D('',#30,#31,#32);
#35=DIRECTION('',(0.E0,1.E0,0.E0));
#36=VECTOR('',#35,1.6E0);
#37=CARTESIAN_POINT('',(5.E0,8.3E-1,0.E0));
#38=LINE('',#37,#36);
#39=DIRECTION('',(1.E0,0.E0,0.E0));
#40=VECTOR('',#39,5.E-1);
#41=CARTESIAN_POINT('',(4.5E0,8.3E-1,0.E0));
#42=LINE('',#41,#40);
#43=DIRECTION('',(0.E0,1.E0,0.E0));
#44=VECTOR('',#43,1.9E0);
#45=CARTESIAN_POINT('',(4.5E0,8.3E-1,0.E0));
#46=LINE('',#45,#44);
#47=DIRECTION('',(1.E0,0.E0,0.E0));
#48=VECTOR('',#47,9.E0);
#49=CARTESIAN_POINT('',(-4.5E0,2.73E0,0.E0));
#50=LINE('',#49,#48);
#51=DIRECTION('',(0.E0,1.E0,0.E0));
#52=VECTOR('',#51,1.9E0);
#53=CARTESIAN_POINT('',(-4.5E0,8.3E-1,0.E0));
#54=LINE('',#53,#52);
#55=DIRECTION('',(-1.E0,0.E0,0.E0));
#56=VECTOR('',#55,5.E-1);
#57=CARTESIAN_POINT('',(-4.5E0,-6.7E-1,0.E0));
#58=LINE('',#57,#56);
#59=DIRECTION('',(-1.E0,0.E0,0.E0));
#60=VECTOR('',#59,2.5E0);
#61=CARTESIAN_POINT('',(-2.E0,-1.37E0,0.E0));
#62=LINE('',#61,#60);
#63=DIRECTION('',(0.E0,1.E0,0.E0));
#64=VECTOR('',#63,4.E-1);
#65=CARTESIAN_POINT('',(-2.E0,-1.77E0,0.E0));
#66=LINE('',#65,#64);
#67=DIRECTION('',(1.E0,0.E0,0.E0));
#68=VECTOR('',#67,2.5E0);
#69=CARTESIAN_POINT('',(-4.5E0,-1.77E0,0.E0));
#70=LINE('',#69,#68);
#71=CARTESIAN_POINT('',(-4.5E0,-1.27E0,0.E0));
#72=DIRECTION('',(0.E0,0.E0,1.E0));
#73=DIRECTION('',(-1.E0,5.195843755246E-14,0.E0));
#74=AXIS2_PLACEMENT_3D('',#71,#72,#73);
#76=DIRECTION('',(0.E0,-1.E0,0.E0));
#77=VECTOR('',#76,6.E-1);
#78=CARTESIAN_POINT('',(-5.E0,-6.7E-1,0.E0));
#79=LINE('',#78,#77);
#80=DIRECTION('',(-1.E0,0.E0,0.E0));
#81=VECTOR('',#80,5.E-1);
#82=CARTESIAN_POINT('',(5.E0,-6.7E-1,0.E0));
#83=LINE('',#82,#81);
#84=DIRECTION('',(0.E0,1.E0,0.E0));
#85=VECTOR('',#84,6.E-1);
#86=CARTESIAN_POINT('',(5.E0,-1.27E0,0.E0));
#87=LINE('',#86,#85);
#88=CARTESIAN_POINT('',(4.5E0,-1.27E0,0.E0));
#89=DIRECTION('',(0.E0,0.E0,1.E0));
#90=DIRECTION('',(0.E0,-1.E0,0.E0));
#91=AXIS2_PLACEMENT_3D('',#88,#89,#90);
#93=DIRECTION('',(1.E0,0.E0,0.E0));
#94=VECTOR('',#93,2.5E0);
#95=CARTESIAN_POINT('',(2.E0,-1.77E0,0.E0));
#96=LINE('',#95,#94);
#97=DIRECTION('',(0.E0,1.E0,0.E0));
#98=VECTOR('',#97,4.E-1);
#99=CARTESIAN_POINT('',(2.E0,-1.77E0,0.E0));
#100=LINE('',#99,#98);
#101=DIRECTION('',(-1.E0,0.E0,0.E0));
#102=VECTOR('',#101,2.5E0);
#103=CARTESIAN_POINT('',(4.5E0,-1.37E0,0.E0));
#104=LINE('',#103,#102);
#105=CARTESIAN_POINT('',(-4.5E0,8.3E-1,-2.E-1));
#106=DIRECTION('',(1.E0,0.E0,0.E0));
#107=DIRECTION('',(0.E0,0.E0,1.E0));
#108=AXIS2_PLACEMENT_3D('',#105,#106,#107);
#110=DIRECTION('',(0.E0,5.144957554275E-1,8.574929257125E-1));
#111=VECTOR('',#110,5.830951894845E-1);
#112=CARTESIAN_POINT('',(-4.5E0,2.43E0,-5.E-1));
#113=LINE('',#112,#111);
#114=DIRECTION('',(0.E0,0.E0,1.E0));
#115=VECTOR('',#114,4.5E0);
#116=CARTESIAN_POINT('',(-4.5E0,2.43E0,-5.E0));
#117=LINE('',#116,#115);
#118=DIRECTION('',(0.E0,1.E0,0.E0));
#119=VECTOR('',#118,1.4E0);
#120=CARTESIAN_POINT('',(-4.5E0,1.03E0,-5.E0));
#121=LINE('',#120,#119);
#122=DIRECTION('',(0.E0,5.812381937191E-1,-8.137334712067E-1));
#123=VECTOR('',#122,8.602325267043E-1);
#124=CARTESIAN_POINT('',(-4.5E0,5.3E-1,-4.3E0));
#125=LINE('',#124,#123);
#126=DIRECTION('',(0.E0,1.E0,0.E0));
#127=VECTOR('',#126,1.7E0);
#128=CARTESIAN_POINT('',(-4.5E0,-1.17E0,-4.3E0));
#129=LINE('',#128,#127);
#130=DIRECTION('',(0.E0,0.E0,-1.E0));
#131=VECTOR('',#130,4.1E0);
#132=CARTESIAN_POINT('',(-4.5E0,-1.17E0,-2.E-1));
#133=LINE('',#132,#131);
#134=DIRECTION('',(0.E0,1.E0,0.E0));
#135=VECTOR('',#134,7.E-1);
#136=CARTESIAN_POINT('',(-4.5E0,-1.37E0,0.E0));
#137=LINE('',#136,#135);
#138=CARTESIAN_POINT('',(-4.5E0,-6.7E-1,-2.E-1));
#139=DIRECTION('',(1.E0,0.E0,0.E0));
#140=DIRECTION('',(0.E0,1.E0,0.E0));
#141=AXIS2_PLACEMENT_3D('',#138,#139,#140);
#143=DIRECTION('',(0.E0,0.E0,-1.E0));
#144=VECTOR('',#143,1.8E0);
#145=CARTESIAN_POINT('',(-4.5E0,-4.7E-1,-2.E-1));
#146=LINE('',#145,#144);
#147=DIRECTION('',(0.E0,1.E0,0.E0));
#148=VECTOR('',#147,1.1E0);
#149=CARTESIAN_POINT('',(-4.5E0,-4.7E-1,-2.E0));
#150=LINE('',#149,#148);
#151=DIRECTION('',(0.E0,0.E0,-1.E0));
#152=VECTOR('',#151,1.8E0);
#153=CARTESIAN_POINT('',(-4.5E0,6.3E-1,-2.E-1));
#154=LINE('',#153,#152);
#155=DIRECTION('',(1.E0,0.E0,0.E0));
#156=VECTOR('',#155,9.E0);
#157=CARTESIAN_POINT('',(-4.5E0,2.43E0,-5.E-1));
#158=LINE('',#157,#156);
#159=CARTESIAN_POINT('',(4.5E0,-6.7E-1,-2.E-1));
#160=DIRECTION('',(-1.E0,0.E0,0.E0));
#161=DIRECTION('',(0.E0,0.E0,1.E0));
#162=AXIS2_PLACEMENT_3D('',#159,#160,#161);
#164=DIRECTION('',(0.E0,-1.E0,0.E0));
#165=VECTOR('',#164,7.E-1);
#166=CARTESIAN_POINT('',(4.5E0,-6.7E-1,0.E0));
#167=LINE('',#166,#165);
#168=DIRECTION('',(0.E0,0.E0,-1.E0));
#169=VECTOR('',#168,4.1E0);
#170=CARTESIAN_POINT('',(4.5E0,-1.17E0,-2.E-1));
#171=LINE('',#170,#169);
#172=DIRECTION('',(0.E0,1.E0,0.E0));
#173=VECTOR('',#172,1.7E0);
#174=CARTESIAN_POINT('',(4.5E0,-1.17E0,-4.3E0));
#175=LINE('',#174,#173);
#176=DIRECTION('',(0.E0,5.812381937191E-1,-8.137334712067E-1));
#177=VECTOR('',#176,8.602325267043E-1);
#178=CARTESIAN_POINT('',(4.5E0,5.3E-1,-4.3E0));
#179=LINE('',#178,#177);
#180=DIRECTION('',(0.E0,1.E0,0.E0));
#181=VECTOR('',#180,1.4E0);
#182=CARTESIAN_POINT('',(4.5E0,1.03E0,-5.E0));
#183=LINE('',#182,#181);
#184=DIRECTION('',(0.E0,0.E0,1.E0));
#185=VECTOR('',#184,4.5E0);
#186=CARTESIAN_POINT('',(4.5E0,2.43E0,-5.E0));
#187=LINE('',#186,#185);
#188=DIRECTION('',(0.E0,5.144957554275E-1,8.574929257125E-1));
#189=VECTOR('',#188,5.830951894845E-1);
#190=CARTESIAN_POINT('',(4.5E0,2.43E0,-5.E-1));
#191=LINE('',#190,#189);
#192=CARTESIAN_POINT('',(4.5E0,8.3E-1,-2.E-1));
#193=DIRECTION('',(-1.E0,0.E0,0.E0));
#194=DIRECTION('',(0.E0,-1.E0,0.E0));
#195=AXIS2_PLACEMENT_3D('',#192,#193,#194);
#197=DIRECTION('',(0.E0,0.E0,-1.E0));
#198=VECTOR('',#197,1.8E0);
#199=CARTESIAN_POINT('',(4.5E0,6.3E-1,-2.E-1));
#200=LINE('',#199,#198);
#201=DIRECTION('',(0.E0,1.E0,0.E0));
#202=VECTOR('',#201,1.1E0);
#203=CARTESIAN_POINT('',(4.5E0,-4.7E-1,-2.E0));
#204=LINE('',#203,#202);
#205=DIRECTION('',(0.E0,0.E0,-1.E0));
#206=VECTOR('',#205,1.8E0);
#207=CARTESIAN_POINT('',(4.5E0,-4.7E-1,-2.E-1));
#208=LINE('',#207,#206);
#209=DIRECTION('',(-1.E0,0.E0,0.E0));
#210=VECTOR('',#209,5.E-1);
#211=CARTESIAN_POINT('',(-4.5E0,-4.7E-1,-2.E-1));
#212=LINE('',#211,#210);
#213=DIRECTION('',(-1.E0,0.E0,0.E0));
#214=VECTOR('',#213,5.E-1);
#215=CARTESIAN_POINT('',(5.E0,-4.7E-1,-2.E-1));
#216=LINE('',#215,#214);
#217=CARTESIAN_POINT('',(-5.E0,8.3E-1,-2.E-1));
#218=DIRECTION('',(-1.E0,0.E0,0.E0));
#219=DIRECTION('',(0.E0,-1.E0,0.E0));
#220=AXIS2_PLACEMENT_3D('',#217,#218,#219);
#222=DIRECTION('',(0.E0,0.E0,-1.E0));
#223=VECTOR('',#222,1.8E0);
#224=CARTESIAN_POINT('',(-5.E0,6.3E-1,-2.E-1));
#225=LINE('',#224,#223);
#226=DIRECTION('',(0.E0,1.E0,0.E0));
#227=VECTOR('',#226,1.1E0);
#228=CARTESIAN_POINT('',(-5.E0,-4.7E-1,-2.E0));
#229=LINE('',#228,#227);
#230=DIRECTION('',(0.E0,0.E0,-1.E0));
#231=VECTOR('',#230,1.8E0);
#232=CARTESIAN_POINT('',(-5.E0,-4.7E-1,-2.E-1));
#233=LINE('',#232,#231);
#234=CARTESIAN_POINT('',(-5.E0,-6.7E-1,-2.E-1));
#235=DIRECTION('',(-1.E0,0.E0,0.E0));
#236=DIRECTION('',(0.E0,0.E0,1.E0));
#237=AXIS2_PLACEMENT_3D('',#234,#235,#236);
#239=DIRECTION('',(0.E0,1.E0,0.E0));
#240=VECTOR('',#239,5.E-1);
#241=CARTESIAN_POINT('',(-5.E0,-1.77E0,-4.1E0));
#242=LINE('',#241,#240);
#243=DIRECTION('',(0.E0,0.E0,-1.E0));
#244=VECTOR('',#243,6.07E0);
#245=CARTESIAN_POINT('',(-5.E0,2.43E0,0.E0));
#246=LINE('',#245,#244);
#247=DIRECTION('',(1.E0,0.E0,0.E0));
#248=VECTOR('',#247,5.E-1);
#249=CARTESIAN_POINT('',(-5.E0,6.3E-1,-2.E-1));
#250=LINE('',#249,#248);
#251=DIRECTION('',(1.E0,0.E0,0.E0));
#252=VECTOR('',#251,5.E-1);
#253=CARTESIAN_POINT('',(-5.E0,6.3E-1,-2.E0));
#254=LINE('',#253,#252);
#255=DIRECTION('',(1.E0,0.E0,0.E0));
#256=VECTOR('',#255,5.E-1);
#257=CARTESIAN_POINT('',(4.5E0,6.3E-1,-2.E-1));
#258=LINE('',#257,#256);
#259=DIRECTION('',(1.E0,0.E0,0.E0));
#260=VECTOR('',#259,5.E-1);
#261=CARTESIAN_POINT('',(4.5E0,6.3E-1,-2.E0));
#262=LINE('',#261,#260);
#263=DIRECTION('',(1.E0,0.E0,0.E0));
#264=VECTOR('',#263,5.E-1);
#265=CARTESIAN_POINT('',(-5.E0,-4.7E-1,-2.E0));
#266=LINE('',#265,#264);
#267=DIRECTION('',(1.E0,0.E0,0.E0));
#268=VECTOR('',#267,5.E-1);
#269=CARTESIAN_POINT('',(4.5E0,-4.7E-1,-2.E0));
#270=LINE('',#269,#268);
#271=CARTESIAN_POINT('',(5.E0,8.3E-1,-2.E-1));
#272=DIRECTION('',(1.E0,0.E0,0.E0));
#273=DIRECTION('',(0.E0,0.E0,1.E0));
#274=AXIS2_PLACEMENT_3D('',#271,#272,#273);
#276=DIRECTION('',(0.E0,0.E0,-1.E0));
#277=VECTOR('',#276,1.97E0);
#278=CARTESIAN_POINT('',(5.E0,-1.77E0,-4.1E0));
#279=LINE('',#278,#277);
#280=DIRECTION('',(0.E0,1.E0,0.E0));
#281=VECTOR('',#280,5.E-1);
#282=CARTESIAN_POINT('',(5.E0,-1.77E0,-4.1E0));
#283=LINE('',#282,#281);
#284=CARTESIAN_POINT('',(5.E0,-6.7E-1,-2.E-1));
#285=DIRECTION('',(1.E0,0.E0,0.E0));
#286=DIRECTION('',(0.E0,1.E0,0.E0));
#287=AXIS2_PLACEMENT_3D('',#284,#285,#286);
#289=DIRECTION('',(0.E0,0.E0,-1.E0));
#290=VECTOR('',#289,1.8E0);
#291=CARTESIAN_POINT('',(5.E0,-4.7E-1,-2.E-1));
#292=LINE('',#291,#290);
#293=DIRECTION('',(0.E0,1.E0,0.E0));
#294=VECTOR('',#293,1.1E0);
#295=CARTESIAN_POINT('',(5.E0,-4.7E-1,-2.E0));
#296=LINE('',#295,#294);
#297=DIRECTION('',(0.E0,0.E0,-1.E0));
#298=VECTOR('',#297,1.8E0);
#299=CARTESIAN_POINT('',(5.E0,6.3E-1,-2.E-1));
#300=LINE('',#299,#298);
#301=DIRECTION('',(0.E0,0.E0,-1.E0));
#302=VECTOR('',#301,6.07E0);
#303=CARTESIAN_POINT('',(5.E0,2.43E0,0.E0));
#304=LINE('',#303,#302);
#305=DIRECTION('',(0.E0,0.E0,1.E0));
#306=VECTOR('',#305,2.E-1);
#307=CARTESIAN_POINT('',(-3.8E0,2.93E0,-6.07E0));
#308=LINE('',#307,#306);
#309=DIRECTION('',(1.E0,0.E0,0.E0));
#310=VECTOR('',#309,1.6E0);
#311=CARTESIAN_POINT('',(-3.8E0,2.93E0,-5.87E0));
#312=LINE('',#311,#310);
#313=DIRECTION('',(0.E0,0.E0,1.E0));
#314=VECTOR('',#313,2.E-1);
#315=CARTESIAN_POINT('',(-2.2E0,2.93E0,-6.07E0));
#316=LINE('',#315,#314);
#317=DIRECTION('',(0.E0,0.E0,1.E0));
#318=VECTOR('',#317,2.E-1);
#319=CARTESIAN_POINT('',(-1.8E0,2.93E0,-6.07E0));
#320=LINE('',#319,#318);
#321=DIRECTION('',(1.E0,0.E0,0.E0));
#322=VECTOR('',#321,1.6E0);
#323=CARTESIAN_POINT('',(-1.8E0,2.93E0,-5.87E0));
#324=LINE('',#323,#322);
#325=DIRECTION('',(0.E0,0.E0,1.E0));
#326=VECTOR('',#325,2.E-1);
#327=CARTESIAN_POINT('',(-2.E-1,2.93E0,-6.07E0));
#328=LINE('',#327,#326);
#329=DIRECTION('',(0.E0,0.E0,1.E0));
#330=VECTOR('',#329,2.E-1);
#331=CARTESIAN_POINT('',(2.E-1,2.93E0,-6.07E0));
#332=LINE('',#331,#330);
#333=DIRECTION('',(1.E0,0.E0,0.E0));
#334=VECTOR('',#333,1.6E0);
#335=CARTESIAN_POINT('',(2.E-1,2.93E0,-5.87E0));
#336=LINE('',#335,#334);
#337=DIRECTION('',(0.E0,0.E0,1.E0));
#338=VECTOR('',#337,2.E-1);
#339=CARTESIAN_POINT('',(1.8E0,2.93E0,-6.07E0));
#340=LINE('',#339,#338);
#341=DIRECTION('',(0.E0,0.E0,1.E0));
#342=VECTOR('',#341,2.E-1);
#343=CARTESIAN_POINT('',(2.2E0,2.93E0,-6.07E0));
#344=LINE('',#343,#342);
#345=DIRECTION('',(1.E0,0.E0,0.E0));
#346=VECTOR('',#345,1.6E0);
#347=CARTESIAN_POINT('',(2.2E0,2.93E0,-5.87E0));
#348=LINE('',#347,#346);
#349=DIRECTION('',(0.E0,0.E0,1.E0));
#350=VECTOR('',#349,2.E-1);
#351=CARTESIAN_POINT('',(3.8E0,2.93E0,-6.07E0));
#352=LINE('',#351,#350);
#353=DIRECTION('',(0.E0,0.E0,-1.E0));
#354=VECTOR('',#353,6.07E0);
#355=CARTESIAN_POINT('',(4.5E0,2.93E0,0.E0));
#356=LINE('',#355,#354);
#357=DIRECTION('',(0.E0,1.E0,0.E0));
#358=VECTOR('',#357,5.2E0);
#359=CARTESIAN_POINT('',(3.8E0,-2.27E0,-6.07E0));
#360=LINE('',#359,#358);
#361=DIRECTION('',(1.E0,0.E0,0.E0));
#362=VECTOR('',#361,7.E-1);
#363=CARTESIAN_POINT('',(3.8E0,-2.27E0,-6.07E0));
#364=LINE('',#363,#362);
#365=CARTESIAN_POINT('',(4.5E0,-1.77E0,-6.07E0));
#366=DIRECTION('',(0.E0,0.E0,1.E0));
#367=DIRECTION('',(0.E0,-1.E0,0.E0));
#368=AXIS2_PLACEMENT_3D('',#365,#366,#367);
#370=DIRECTION('',(0.E0,1.E0,0.E0));
#371=VECTOR('',#370,4.2E0);
#372=CARTESIAN_POINT('',(5.E0,-1.77E0,-6.07E0));
#373=LINE('',#372,#371);
#374=CARTESIAN_POINT('',(4.5E0,2.43E0,-6.07E0));
#375=DIRECTION('',(0.E0,0.E0,1.E0));
#376=DIRECTION('',(1.E0,0.E0,0.E0));
#377=AXIS2_PLACEMENT_3D('',#374,#375,#376);
#379=DIRECTION('',(-1.E0,0.E0,0.E0));
#380=VECTOR('',#379,7.E-1);
#381=CARTESIAN_POINT('',(4.5E0,2.93E0,-6.07E0));
#382=LINE('',#381,#380);
#383=DIRECTION('',(0.E0,1.E0,0.E0));
#384=VECTOR('',#383,5.2E0);
#385=CARTESIAN_POINT('',(1.8E0,-2.27E0,-6.07E0));
#386=LINE('',#385,#384);
#387=DIRECTION('',(1.E0,0.E0,0.E0));
#388=VECTOR('',#387,4.E-1);
#389=CARTESIAN_POINT('',(1.8E0,-2.27E0,-6.07E0));
#390=LINE('',#389,#388);
#391=DIRECTION('',(0.E0,1.E0,0.E0));
#392=VECTOR('',#391,5.2E0);
#393=CARTESIAN_POINT('',(2.2E0,-2.27E0,-6.07E0));
#394=LINE('',#393,#392);
#395=DIRECTION('',(-1.E0,0.E0,0.E0));
#396=VECTOR('',#395,4.E-1);
#397=CARTESIAN_POINT('',(2.2E0,2.93E0,-6.07E0));
#398=LINE('',#397,#396);
#399=DIRECTION('',(0.E0,1.E0,0.E0));
#400=VECTOR('',#399,5.2E0);
#401=CARTESIAN_POINT('',(-2.E-1,-2.27E0,-6.07E0));
#402=LINE('',#401,#400);
#403=DIRECTION('',(1.E0,0.E0,0.E0));
#404=VECTOR('',#403,4.E-1);
#405=CARTESIAN_POINT('',(-2.E-1,-2.27E0,-6.07E0));
#406=LINE('',#405,#404);
#407=DIRECTION('',(0.E0,1.E0,0.E0));
#408=VECTOR('',#407,5.2E0);
#409=CARTESIAN_POINT('',(2.E-1,-2.27E0,-6.07E0));
#410=LINE('',#409,#408);
#411=DIRECTION('',(-1.E0,0.E0,0.E0));
#412=VECTOR('',#411,4.E-1);
#413=CARTESIAN_POINT('',(2.E-1,2.93E0,-6.07E0));
#414=LINE('',#413,#412);
#415=DIRECTION('',(0.E0,1.E0,0.E0));
#416=VECTOR('',#415,5.2E0);
#417=CARTESIAN_POINT('',(-3.8E0,-2.27E0,-6.07E0));
#418=LINE('',#417,#416);
#419=DIRECTION('',(-1.E0,0.E0,0.E0));
#420=VECTOR('',#419,7.E-1);
#421=CARTESIAN_POINT('',(-3.8E0,2.93E0,-6.07E0));
#422=LINE('',#421,#420);
#423=CARTESIAN_POINT('',(-4.5E0,2.43E0,-6.07E0));
#424=DIRECTION('',(0.E0,0.E0,1.E0));
#425=DIRECTION('',(0.E0,1.E0,0.E0));
#426=AXIS2_PLACEMENT_3D('',#423,#424,#425);
#428=DIRECTION('',(0.E0,-1.E0,0.E0));
#429=VECTOR('',#428,4.2E0);
#430=CARTESIAN_POINT('',(-5.E0,2.43E0,-6.07E0));
#431=LINE('',#430,#429);
#432=CARTESIAN_POINT('',(-4.5E0,-1.77E0,-6.07E0));
#433=DIRECTION('',(0.E0,0.E0,1.E0));
#434=DIRECTION('',(-1.E0,0.E0,0.E0));
#435=AXIS2_PLACEMENT_3D('',#432,#433,#434);
#437=DIRECTION('',(1.E0,0.E0,0.E0));
#438=VECTOR('',#437,7.E-1);
#439=CARTESIAN_POINT('',(-4.5E0,-2.27E0,-6.07E0));
#440=LINE('',#439,#438);
#441=DIRECTION('',(0.E0,1.E0,0.E0));
#442=VECTOR('',#441,5.2E0);
#443=CARTESIAN_POINT('',(-2.2E0,-2.27E0,-6.07E0));
#444=LINE('',#443,#442);
#445=DIRECTION('',(1.E0,0.E0,0.E0));
#446=VECTOR('',#445,4.E-1);
#447=CARTESIAN_POINT('',(-2.2E0,-2.27E0,-6.07E0));
#448=LINE('',#447,#446);
#449=DIRECTION('',(0.E0,1.E0,0.E0));
#450=VECTOR('',#449,5.2E0);
#451=CARTESIAN_POINT('',(-1.8E0,-2.27E0,-6.07E0));
#452=LINE('',#451,#450);
#453=DIRECTION('',(-1.E0,0.E0,0.E0));
#454=VECTOR('',#453,4.E-1);
#455=CARTESIAN_POINT('',(-1.8E0,2.93E0,-6.07E0));
#456=LINE('',#455,#454);
#457=DIRECTION('',(0.E0,-1.E0,0.E0));
#458=VECTOR('',#457,5.2E0);
#459=CARTESIAN_POINT('',(3.8E0,2.93E0,-5.87E0));
#460=LINE('',#459,#458);
#461=DIRECTION('',(0.E0,-1.E0,0.E0));
#462=VECTOR('',#461,5.2E0);
#463=CARTESIAN_POINT('',(2.2E0,2.93E0,-5.87E0));
#464=LINE('',#463,#462);
#465=DIRECTION('',(0.E0,1.E0,0.E0));
#466=VECTOR('',#465,5.E-1);
#467=CARTESIAN_POINT('',(3.25E0,-2.5E-1,-5.87E0));
#468=LINE('',#467,#466);
#469=DIRECTION('',(1.E0,0.E0,0.E0));
#470=VECTOR('',#469,5.E-1);
#471=CARTESIAN_POINT('',(2.75E0,-2.5E-1,-5.87E0));
#472=LINE('',#471,#470);
#473=DIRECTION('',(0.E0,-1.E0,0.E0));
#474=VECTOR('',#473,5.E-1);
#475=CARTESIAN_POINT('',(2.75E0,2.5E-1,-5.87E0));
#476=LINE('',#475,#474);
#477=DIRECTION('',(1.E0,0.E0,0.E0));
#478=VECTOR('',#477,5.E-1);
#479=CARTESIAN_POINT('',(2.75E0,2.5E-1,-5.87E0));
#480=LINE('',#479,#478);
#481=DIRECTION('',(0.E0,0.E0,1.E0));
#482=VECTOR('',#481,1.03E0);
#483=CARTESIAN_POINT('',(-3.33E0,-2.27E0,-4.1E0));
#484=LINE('',#483,#482);
#485=DIRECTION('',(1.E0,0.E0,0.E0));
#486=VECTOR('',#485,4.02E0);
#487=CARTESIAN_POINT('',(-2.01E0,-2.27E0,-3.717506801884E0));
#488=LINE('',#487,#486);
#489=DIRECTION('',(0.E0,0.E0,-1.E0));
#490=VECTOR('',#489,1.03E0);
#491=CARTESIAN_POINT('',(3.33E0,-2.27E0,-3.07E0));
#492=LINE('',#491,#490);
#493=DIRECTION('',(1.E0,0.E0,0.E0));
#494=VECTOR('',#493,1.17E0);
#495=CARTESIAN_POINT('',(3.33E0,-2.27E0,-4.1E0));
#496=LINE('',#495,#494);
#497=DIRECTION('',(0.E0,0.E0,1.E0));
#498=VECTOR('',#497,2.E-1);
#499=CARTESIAN_POINT('',(3.8E0,-2.27E0,-6.07E0));
#500=LINE('',#499,#498);
#501=DIRECTION('',(1.E0,0.E0,0.E0));
#502=VECTOR('',#501,1.6E0);
#503=CARTESIAN_POINT('',(2.2E0,-2.27E0,-5.87E0));
#504=LINE('',#503,#502);
#505=DIRECTION('',(0.E0,0.E0,1.E0));
#506=VECTOR('',#505,2.E-1);
#507=CARTESIAN_POINT('',(2.2E0,-2.27E0,-6.07E0));
#508=LINE('',#507,#506);
#509=DIRECTION('',(0.E0,0.E0,1.E0));
#510=VECTOR('',#509,2.E-1);
#511=CARTESIAN_POINT('',(1.8E0,-2.27E0,-6.07E0));
#512=LINE('',#511,#510);
#513=DIRECTION('',(1.E0,0.E0,0.E0));
#514=VECTOR('',#513,1.6E0);
#515=CARTESIAN_POINT('',(2.E-1,-2.27E0,-5.87E0));
#516=LINE('',#515,#514);
#517=DIRECTION('',(0.E0,0.E0,1.E0));
#518=VECTOR('',#517,2.E-1);
#519=CARTESIAN_POINT('',(2.E-1,-2.27E0,-6.07E0));
#520=LINE('',#519,#518);
#521=DIRECTION('',(0.E0,0.E0,1.E0));
#522=VECTOR('',#521,2.E-1);
#523=CARTESIAN_POINT('',(-2.E-1,-2.27E0,-6.07E0));
#524=LINE('',#523,#522);
#525=DIRECTION('',(1.E0,0.E0,0.E0));
#526=VECTOR('',#525,1.6E0);
#527=CARTESIAN_POINT('',(-1.8E0,-2.27E0,-5.87E0));
#528=LINE('',#527,#526);
#529=DIRECTION('',(0.E0,0.E0,1.E0));
#530=VECTOR('',#529,2.E-1);
#531=CARTESIAN_POINT('',(-1.8E0,-2.27E0,-6.07E0));
#532=LINE('',#531,#530);
#533=DIRECTION('',(0.E0,0.E0,1.E0));
#534=VECTOR('',#533,2.E-1);
#535=CARTESIAN_POINT('',(-2.2E0,-2.27E0,-6.07E0));
#536=LINE('',#535,#534);
#537=DIRECTION('',(1.E0,0.E0,0.E0));
#538=VECTOR('',#537,1.6E0);
#539=CARTESIAN_POINT('',(-3.8E0,-2.27E0,-5.87E0));
#540=LINE('',#539,#538);
#541=DIRECTION('',(0.E0,0.E0,1.E0));
#542=VECTOR('',#541,2.E-1);
#543=CARTESIAN_POINT('',(-3.8E0,-2.27E0,-6.07E0));
#544=LINE('',#543,#542);
#545=DIRECTION('',(0.E0,0.E0,-1.E0));
#546=VECTOR('',#545,1.97E0);
#547=CARTESIAN_POINT('',(-4.5E0,-2.27E0,-4.1E0));
#548=LINE('',#547,#546);
#549=DIRECTION('',(1.E0,0.E0,0.E0));
#550=VECTOR('',#549,1.17E0);
#551=CARTESIAN_POINT('',(-4.5E0,-2.27E0,-4.1E0));
#552=LINE('',#551,#550);
#553=DIRECTION('',(0.E0,1.E0,0.E0));
#554=VECTOR('',#553,5.E-1);
#555=CARTESIAN_POINT('',(-3.33E0,-2.27E0,-3.07E0));
#556=LINE('',#555,#554);
#557=DIRECTION('',(0.E0,1.E0,0.E0));
#558=VECTOR('',#557,1.1E0);
#559=CARTESIAN_POINT('',(-3.33E0,-2.27E0,-4.1E0));
#560=LINE('',#559,#558);
#561=DIRECTION('',(0.E0,0.E0,-1.E0));
#562=VECTOR('',#561,1.07E0);
#563=CARTESIAN_POINT('',(3.33E0,-1.77E0,-2.E0));
#564=LINE('',#563,#562);
#565=DIRECTION('',(-1.E0,0.E0,0.E0));
#566=VECTOR('',#565,1.32E0);
#567=CARTESIAN_POINT('',(3.33E0,-1.77E0,-3.07E0));
#568=LINE('',#567,#566);
#569=DIRECTION('',(1.E0,2.220446049250E-14,0.E0));
#570=VECTOR('',#569,1.E-2);
#571=CARTESIAN_POINT('',(2.E0,-1.77E0,-2.72E0));
#572=LINE('',#571,#570);
#573=DIRECTION('',(0.E0,0.E0,-1.E0));
#574=VECTOR('',#573,2.72E0);
#575=CARTESIAN_POINT('',(2.E0,-1.77E0,0.E0));
#576=LINE('',#575,#574);
#577=DIRECTION('',(0.E0,0.E0,-1.E0));
#578=VECTOR('',#577,4.1E0);
#579=CARTESIAN_POINT('',(4.5E0,-1.77E0,0.E0));
#580=LINE('',#579,#578);
#581=DIRECTION('',(0.E0,0.E0,1.E0));
#582=VECTOR('',#581,2.1E0);
#583=CARTESIAN_POINT('',(4.43E0,-1.77E0,-4.1E0));
#584=LINE('',#583,#582);
#585=DIRECTION('',(-1.E0,0.E0,0.E0));
#586=VECTOR('',#585,1.1E0);
#587=CARTESIAN_POINT('',(4.43E0,-1.77E0,-2.E0));
#588=LINE('',#587,#586);
#589=DIRECTION('',(1.E0,-2.220446049249E-14,0.E0));
#590=VECTOR('',#589,1.000000000001E-2);
#591=CARTESIAN_POINT('',(-2.01E0,-1.77E0,-2.72E0));
#592=LINE('',#591,#590);
#593=DIRECTION('',(1.E0,0.E0,0.E0));
#594=VECTOR('',#593,1.32E0);
#595=CARTESIAN_POINT('',(-3.33E0,-1.77E0,-3.07E0));
#596=LINE('',#595,#594);
#597=DIRECTION('',(0.E0,0.E0,1.E0));
#598=VECTOR('',#597,1.07E0);
#599=CARTESIAN_POINT('',(-3.33E0,-1.77E0,-3.07E0));
#600=LINE('',#599,#598);
#601=DIRECTION('',(-1.E0,0.E0,0.E0));
#602=VECTOR('',#601,1.1E0);
#603=CARTESIAN_POINT('',(-3.33E0,-1.77E0,-2.E0));
#604=LINE('',#603,#602);
#605=DIRECTION('',(0.E0,0.E0,1.E0));
#606=VECTOR('',#605,2.1E0);
#607=CARTESIAN_POINT('',(-4.43E0,-1.77E0,-4.1E0));
#608=LINE('',#607,#606);
#609=DIRECTION('',(0.E0,0.E0,-1.E0));
#610=VECTOR('',#609,2.72E0);
#611=CARTESIAN_POINT('',(-2.E0,-1.77E0,0.E0));
#612=LINE('',#611,#610);
#613=DIRECTION('',(0.E0,1.E0,0.E0));
#614=VECTOR('',#613,5.E-1);
#615=CARTESIAN_POINT('',(3.33E0,-2.27E0,-3.07E0));
#616=LINE('',#615,#614);
#617=DIRECTION('',(0.E0,1.E0,0.E0));
#618=VECTOR('',#617,6.E-1);
#619=CARTESIAN_POINT('',(3.33E0,-1.77E0,-2.E0));
#620=LINE('',#619,#618);
#621=DIRECTION('',(0.E0,-1.E0,0.E0));
#622=VECTOR('',#621,1.1E0);
#623=CARTESIAN_POINT('',(3.33E0,-1.17E0,-4.1E0));
#624=LINE('',#623,#622);
#625=DIRECTION('',(-1.E0,0.E0,0.E0));
#626=VECTOR('',#625,1.32E0);
#627=CARTESIAN_POINT('',(3.33E0,-2.27E0,-3.07E0));
#628=LINE('',#627,#626);
#629=DIRECTION('',(0.E0,0.E0,1.E0));
#630=VECTOR('',#629,3.5E-1);
#631=CARTESIAN_POINT('',(2.01E0,-1.77E0,-3.07E0));
#632=LINE('',#631,#630);
#633=DIRECTION('',(0.E0,1.E0,0.E0));
#634=VECTOR('',#633,5.E-1);
#635=CARTESIAN_POINT('',(2.01E0,-2.27E0,-3.07E0));
#636=LINE('',#635,#634);
#637=DIRECTION('',(0.E0,0.E0,1.E0));
#638=VECTOR('',#637,6.475068018844E-1);
#639=CARTESIAN_POINT('',(2.01E0,-2.27E0,-3.717506801884E0));
#640=LINE('',#639,#638);
#641=CARTESIAN_POINT('',(-2.01E0,-1.97E0,-2.72E0));
#642=DIRECTION('',(1.E0,0.E0,0.E0));
#643=DIRECTION('',(0.E0,1.E0,0.E0));
#644=AXIS2_PLACEMENT_3D('',#641,#642,#643);
#646=DIRECTION('',(1.E0,0.E0,0.E0));
#647=VECTOR('',#646,4.E0);
#648=CARTESIAN_POINT('',(-2.E0,-1.77E0,-2.72E0));
#649=LINE('',#648,#647);
#650=CARTESIAN_POINT('',(2.01E0,-1.97E0,-2.72E0));
#651=DIRECTION('',(1.E0,0.E0,0.E0));
#652=DIRECTION('',(0.E0,1.E0,0.E0));
#653=AXIS2_PLACEMENT_3D('',#650,#651,#652);
#655=DIRECTION('',(0.E0,0.E0,1.E0));
#656=VECTOR('',#655,6.475068018844E-1);
#657=CARTESIAN_POINT('',(-2.01E0,-2.27E0,-3.717506801884E0));
#658=LINE('',#657,#656);
#659=DIRECTION('',(0.E0,1.E0,0.E0));
#660=VECTOR('',#659,5.E-1);
#661=CARTESIAN_POINT('',(-2.01E0,-2.27E0,-3.07E0));
#662=LINE('',#661,#660);
#663=DIRECTION('',(0.E0,0.E0,1.E0));
#664=VECTOR('',#663,3.5E-1);
#665=CARTESIAN_POINT('',(-2.01E0,-1.77E0,-3.07E0));
#666=LINE('',#665,#664);
#667=DIRECTION('',(0.E0,-1.E0,0.E0));
#668=VECTOR('',#667,3.E-1);
#669=CARTESIAN_POINT('',(-2.01E0,-1.97E0,-2.52E0));
#670=LINE('',#669,#668);
#671=DIRECTION('',(1.E0,0.E0,0.E0));
#672=VECTOR('',#671,4.02E0);
#673=CARTESIAN_POINT('',(-2.01E0,-1.97E0,-2.52E0));
#674=LINE('',#673,#672);
#675=DIRECTION('',(0.E0,-1.E0,0.E0));
#676=VECTOR('',#675,3.E-1);
#677=CARTESIAN_POINT('',(2.01E0,-1.97E0,-2.52E0));
#678=LINE('',#677,#676);
#679=DIRECTION('',(0.E0,-7.371541402007E-1,-6.757246285173E-1));
#680=VECTOR('',#679,8.139410298050E-1);
#681=CARTESIAN_POINT('',(-2.01E0,-2.27E0,-2.52E0));
#682=LINE('',#681,#680);
#683=DIRECTION('',(1.E0,0.E0,0.E0));
#684=VECTOR('',#683,4.02E0);
#685=CARTESIAN_POINT('',(-2.01E0,-2.27E0,-2.52E0));
#686=LINE('',#685,#684);
#687=DIRECTION('',(0.E0,-7.371541402007E-1,-6.757246285173E-1));
#688=VECTOR('',#687,8.139410298050E-1);
#689=CARTESIAN_POINT('',(2.01E0,-2.27E0,-2.52E0));
#690=LINE('',#689,#688);
#691=DIRECTION('',(0.E0,0.E0,-1.E0));
#692=VECTOR('',#691,7.E-1);
#693=CARTESIAN_POINT('',(-2.01E0,-2.87E0,-3.07E0));
#694=LINE('',#693,#692);
#695=DIRECTION('',(1.E0,0.E0,0.E0));
#696=VECTOR('',#695,4.02E0);
#697=CARTESIAN_POINT('',(-2.01E0,-2.87E0,-3.07E0));
#698=LINE('',#697,#696);
#699=DIRECTION('',(0.E0,0.E0,-1.E0));
#700=VECTOR('',#699,7.E-1);
#701=CARTESIAN_POINT('',(2.01E0,-2.87E0,-3.07E0));
#702=LINE('',#701,#700);
#703=DIRECTION('',(0.E0,9.961946980917E-1,8.715574274766E-2));
#704=VECTOR('',#703,6.022919025260E-1);
#705=CARTESIAN_POINT('',(-2.01E0,-2.87E0,-3.77E0));
#706=LINE('',#705,#704);
#707=DIRECTION('',(1.E0,0.E0,0.E0));
#708=VECTOR('',#707,4.02E0);
#709=CARTESIAN_POINT('',(-2.01E0,-2.87E0,-3.77E0));
#710=LINE('',#709,#708);
#711=DIRECTION('',(0.E0,9.961946980917E-1,8.715574274766E-2));
#712=VECTOR('',#711,6.022919025260E-1);
#713=CARTESIAN_POINT('',(2.01E0,-2.87E0,-3.77E0));
#714=LINE('',#713,#712);
#715=DIRECTION('',(1.E0,0.E0,0.E0));
#716=VECTOR('',#715,1.32E0);
#717=CARTESIAN_POINT('',(-3.33E0,-2.27E0,-3.07E0));
#718=LINE('',#717,#716);
#719=DIRECTION('',(0.E0,0.E0,1.E0));
#720=VECTOR('',#719,1.58E0);
#721=CARTESIAN_POINT('',(2.E0,-1.77E0,-4.3E0));
#722=LINE('',#721,#720);
#723=DIRECTION('',(0.E0,0.E0,-1.E0));
#724=VECTOR('',#723,1.58E0);
#725=CARTESIAN_POINT('',(-2.E0,-1.77E0,-2.72E0));
#726=LINE('',#725,#724);
#727=DIRECTION('',(0.E0,0.E0,1.E0));
#728=VECTOR('',#727,4.1E0);
#729=CARTESIAN_POINT('',(2.E0,-1.17E0,-4.3E0));
#730=LINE('',#729,#728);
#731=DIRECTION('',(0.E0,7.071067811865E-1,-7.071067811865E-1));
#732=VECTOR('',#731,2.828427124746E-1);
#733=CARTESIAN_POINT('',(2.E0,-1.37E0,0.E0));
#734=LINE('',#733,#732);
#735=DIRECTION('',(1.E0,0.E0,0.E0));
#736=VECTOR('',#735,1.1E0);
#737=CARTESIAN_POINT('',(3.33E0,-1.17E0,-4.1E0));
#738=LINE('',#737,#736);
#739=DIRECTION('',(0.E0,0.E0,-1.E0));
#740=VECTOR('',#739,2.1E0);
#741=CARTESIAN_POINT('',(3.33E0,-1.17E0,-2.E0));
#742=LINE('',#741,#740);
#743=DIRECTION('',(-1.E0,0.E0,0.E0));
#744=VECTOR('',#743,1.1E0);
#745=CARTESIAN_POINT('',(4.43E0,-1.17E0,-2.E0));
#746=LINE('',#745,#744);
#747=DIRECTION('',(0.E0,0.E0,1.E0));
#748=VECTOR('',#747,2.1E0);
#749=CARTESIAN_POINT('',(4.43E0,-1.17E0,-4.1E0));
#750=LINE('',#749,#748);
#751=DIRECTION('',(0.E0,0.E0,1.E0));
#752=VECTOR('',#751,2.1E0);
#753=CARTESIAN_POINT('',(-3.33E0,-1.17E0,-4.1E0));
#754=LINE('',#753,#752);
#755=DIRECTION('',(1.E0,0.E0,0.E0));
#756=VECTOR('',#755,1.1E0);
#757=CARTESIAN_POINT('',(-4.43E0,-1.17E0,-4.1E0));
#758=LINE('',#757,#756);
#759=DIRECTION('',(0.E0,0.E0,-1.E0));
#760=VECTOR('',#759,2.1E0);
#761=CARTESIAN_POINT('',(-4.43E0,-1.17E0,-2.E0));
#762=LINE('',#761,#760);
#763=DIRECTION('',(-1.E0,0.E0,0.E0));
#764=VECTOR('',#763,1.1E0);
#765=CARTESIAN_POINT('',(-3.33E0,-1.17E0,-2.E0));
#766=LINE('',#765,#764);
#767=DIRECTION('',(-1.E0,0.E0,0.E0));
#768=VECTOR('',#767,2.5E0);
#769=CARTESIAN_POINT('',(-2.E0,-1.17E0,-2.E-1));
#770=LINE('',#769,#768);
#771=DIRECTION('',(-1.E0,0.E0,0.E0));
#772=VECTOR('',#771,2.5E0);
#773=CARTESIAN_POINT('',(4.5E0,-1.17E0,-2.E-1));
#774=LINE('',#773,#772);
#775=DIRECTION('',(-1.E0,0.E0,0.E0));
#776=VECTOR('',#775,7.E-2);
#777=CARTESIAN_POINT('',(4.5E0,-1.77E0,-4.1E0));
#778=LINE('',#777,#776);
#779=CARTESIAN_POINT('',(4.5E0,-1.27E0,-4.1E0));
#780=DIRECTION('',(0.E0,0.E0,-1.E0));
#781=DIRECTION('',(1.E0,0.E0,0.E0));
#782=AXIS2_PLACEMENT_3D('',#779,#780,#781);
#784=DIRECTION('',(-1.E0,0.E0,0.E0));
#785=VECTOR('',#784,7.000000000001E-2);
#786=CARTESIAN_POINT('',(-4.43E0,-1.77E0,-4.1E0));
#787=LINE('',#786,#785);
#788=DIRECTION('',(0.E0,1.E0,0.E0));
#789=VECTOR('',#788,6.E-1);
#790=CARTESIAN_POINT('',(-4.43E0,-1.77E0,-4.1E0));
#791=LINE('',#790,#789);
#792=CARTESIAN_POINT('',(-4.5E0,-1.27E0,-4.1E0));
#793=DIRECTION('',(0.E0,0.E0,-1.E0));
#794=DIRECTION('',(0.E0,-1.E0,0.E0));
#795=AXIS2_PLACEMENT_3D('',#792,#793,#794);
#797=DIRECTION('',(0.E0,1.E0,0.E0));
#798=VECTOR('',#797,6.E-1);
#799=CARTESIAN_POINT('',(4.43E0,-1.77E0,-4.1E0));
#800=LINE('',#799,#798);
#801=DIRECTION('',(0.E0,1.E0,0.E0));
#802=VECTOR('',#801,6.E-1);
#803=CARTESIAN_POINT('',(4.43E0,-1.77E0,-2.E0));
#804=LINE('',#803,#802);
#805=DIRECTION('',(0.E0,0.E0,-1.E0));
#806=VECTOR('',#805,4.1E0);
#807=CARTESIAN_POINT('',(5.E0,-1.27E0,0.E0));
#808=LINE('',#807,#806);
#809=CARTESIAN_POINT('',(4.5E0,-1.77E0,-4.1E0));
#810=DIRECTION('',(0.E0,0.E0,1.E0));
#811=DIRECTION('',(0.E0,-1.E0,0.E0));
#812=AXIS2_PLACEMENT_3D('',#809,#810,#811);
#814=DIRECTION('',(0.E0,0.E0,-1.E0));
#815=VECTOR('',#814,1.97E0);
#816=CARTESIAN_POINT('',(4.5E0,-2.27E0,-4.1E0));
#817=LINE('',#816,#815);
#818=DIRECTION('',(0.E0,1.E0,0.E0));
#819=VECTOR('',#818,6.E-1);
#820=CARTESIAN_POINT('',(-4.43E0,-1.77E0,-2.E0));
#821=LINE('',#820,#819);
#822=DIRECTION('',(0.E0,1.E0,0.E0));
#823=VECTOR('',#822,6.E-1);
#824=CARTESIAN_POINT('',(-3.33E0,-1.77E0,-2.E0));
#825=LINE('',#824,#823);
#826=CARTESIAN_POINT('',(-4.5E0,-1.77E0,-4.1E0));
#827=DIRECTION('',(0.E0,0.E0,1.E0));
#828=DIRECTION('',(-1.E0,0.E0,0.E0));
#829=AXIS2_PLACEMENT_3D('',#826,#827,#828);
#831=DIRECTION('',(0.E0,0.E0,-1.E0));
#832=VECTOR('',#831,1.97E0);
#833=CARTESIAN_POINT('',(-5.E0,-1.77E0,-4.1E0));
#834=LINE('',#833,#832);
#835=DIRECTION('',(0.E0,0.E0,-1.E0));
#836=VECTOR('',#835,4.1E0);
#837=CARTESIAN_POINT('',(-4.5E0,-1.77E0,0.E0));
#838=LINE('',#837,#836);
#839=DIRECTION('',(0.E0,0.E0,1.E0));
#840=VECTOR('',#839,4.1E0);
#841=CARTESIAN_POINT('',(-5.E0,-1.27E0,-4.1E0));
#842=LINE('',#841,#840);
#843=DIRECTION('',(0.E0,7.071067811865E-1,-7.071067811865E-1));
#844=VECTOR('',#843,2.828427124746E-1);
#845=CARTESIAN_POINT('',(-4.5E0,-1.37E0,0.E0));
#846=LINE('',#845,#844);
#847=DIRECTION('',(0.E0,-7.071067811865E-1,7.071067811865E-1));
#848=VECTOR('',#847,2.828427124746E-1);
#849=CARTESIAN_POINT('',(-2.E0,-1.17E0,-2.E-1));
#850=LINE('',#849,#848);
#851=DIRECTION('',(0.E0,0.E0,-1.E0));
#852=VECTOR('',#851,4.1E0);
#853=CARTESIAN_POINT('',(-2.E0,-1.17E0,-2.E-1));
#854=LINE('',#853,#852);
#855=DIRECTION('',(1.E0,0.E0,0.E0));
#856=VECTOR('',#855,2.5E0);
#857=CARTESIAN_POINT('',(2.E0,-1.17E0,-4.3E0));
#858=LINE('',#857,#856);
#859=DIRECTION('',(0.E0,1.E0,0.E0));
#860=VECTOR('',#859,6.E-1);
#861=CARTESIAN_POINT('',(2.E0,-1.77E0,-4.3E0));
#862=LINE('',#861,#860);
#863=DIRECTION('',(1.E0,0.E0,0.E0));
#864=VECTOR('',#863,4.E0);
#865=CARTESIAN_POINT('',(-2.E0,-1.77E0,-4.3E0));
#866=LINE('',#865,#864);
#867=DIRECTION('',(0.E0,-1.E0,0.E0));
#868=VECTOR('',#867,6.E-1);
#869=CARTESIAN_POINT('',(-2.E0,-1.17E0,-4.3E0));
#870=LINE('',#869,#868);
#871=DIRECTION('',(1.E0,0.E0,0.E0));
#872=VECTOR('',#871,2.5E0);
#873=CARTESIAN_POINT('',(-4.5E0,-1.17E0,-4.3E0));
#874=LINE('',#873,#872);
#875=DIRECTION('',(0.E0,-1.E0,0.E0));
#876=VECTOR('',#875,5.E-1);
#877=CARTESIAN_POINT('',(2.75E0,2.5E-1,-4.3E0));
#878=LINE('',#877,#876);
#879=DIRECTION('',(1.E0,0.E0,0.E0));
#880=VECTOR('',#879,5.E-1);
#881=CARTESIAN_POINT('',(2.75E0,-2.5E-1,-4.3E0));
#882=LINE('',#881,#880);
#883=DIRECTION('',(0.E0,1.E0,0.E0));
#884=VECTOR('',#883,5.E-1);
#885=CARTESIAN_POINT('',(3.25E0,-2.5E-1,-4.3E0));
#886=LINE('',#885,#884);
#887=DIRECTION('',(-1.E0,0.E0,0.E0));
#888=VECTOR('',#887,5.E-1);
#889=CARTESIAN_POINT('',(3.25E0,2.5E-1,-4.3E0));
#890=LINE('',#889,#888);
#891=DIRECTION('',(0.E0,-1.E0,0.E0));
#892=VECTOR('',#891,5.E-1);
#893=CARTESIAN_POINT('',(7.5E-1,2.5E-1,-4.3E0));
#894=LINE('',#893,#892);
#895=DIRECTION('',(1.E0,0.E0,0.E0));
#896=VECTOR('',#895,5.E-1);
#897=CARTESIAN_POINT('',(7.5E-1,-2.5E-1,-4.3E0));
#898=LINE('',#897,#896);
#899=DIRECTION('',(0.E0,1.E0,0.E0));
#900=VECTOR('',#899,5.E-1);
#901=CARTESIAN_POINT('',(1.25E0,-2.5E-1,-4.3E0));
#902=LINE('',#901,#900);
#903=DIRECTION('',(-1.E0,0.E0,0.E0));
#904=VECTOR('',#903,5.E-1);
#905=CARTESIAN_POINT('',(1.25E0,2.5E-1,-4.3E0));
#906=LINE('',#905,#904);
#907=DIRECTION('',(0.E0,-1.E0,0.E0));
#908=VECTOR('',#907,5.E-1);
#909=CARTESIAN_POINT('',(-1.25E0,2.5E-1,-4.3E0));
#910=LINE('',#909,#908);
#911=DIRECTION('',(1.E0,0.E0,0.E0));
#912=VECTOR('',#911,5.E-1);
#913=CARTESIAN_POINT('',(-1.25E0,-2.5E-1,-4.3E0));
#914=LINE('',#913,#912);
#915=DIRECTION('',(0.E0,1.E0,0.E0));
#916=VECTOR('',#915,5.E-1);
#917=CARTESIAN_POINT('',(-7.5E-1,-2.5E-1,-4.3E0));
#918=LINE('',#917,#916);
#919=DIRECTION('',(-1.E0,0.E0,0.E0));
#920=VECTOR('',#919,5.E-1);
#921=CARTESIAN_POINT('',(-7.5E-1,2.5E-1,-4.3E0));
#922=LINE('',#921,#920);
#923=DIRECTION('',(0.E0,-1.E0,0.E0));
#924=VECTOR('',#923,5.E-1);
#925=CARTESIAN_POINT('',(-3.25E0,2.5E-1,-4.3E0));
#926=LINE('',#925,#924);
#927=DIRECTION('',(1.E0,0.E0,0.E0));
#928=VECTOR('',#927,5.E-1);
#929=CARTESIAN_POINT('',(-3.25E0,-2.5E-1,-4.3E0));
#930=LINE('',#929,#928);
#931=DIRECTION('',(0.E0,1.E0,0.E0));
#932=VECTOR('',#931,5.E-1);
#933=CARTESIAN_POINT('',(-2.75E0,-2.5E-1,-4.3E0));
#934=LINE('',#933,#932);
#935=DIRECTION('',(-1.E0,0.E0,0.E0));
#936=VECTOR('',#935,5.E-1);
#937=CARTESIAN_POINT('',(-2.75E0,2.5E-1,-4.3E0));
#938=LINE('',#937,#936);
#939=DIRECTION('',(1.E0,0.E0,0.E0));
#940=VECTOR('',#939,9.E0);
#941=CARTESIAN_POINT('',(-4.5E0,5.3E-1,-4.3E0));
#942=LINE('',#941,#940);
#943=DIRECTION('',(1.E0,0.E0,0.E0));
#944=VECTOR('',#943,2.27E0);
#945=CARTESIAN_POINT('',(-4.5E0,2.43E0,-5.E0));
#946=LINE('',#945,#944);
#947=DIRECTION('',(0.E0,-1.E0,0.E0));
#948=VECTOR('',#947,2.5E-1);
#949=CARTESIAN_POINT('',(-2.23E0,2.43E0,-5.E0));
#950=LINE('',#949,#948);
#951=DIRECTION('',(1.E0,0.E0,0.E0));
#952=VECTOR('',#951,4.6E-1);
#953=CARTESIAN_POINT('',(-2.23E0,2.18E0,-5.E0));
#954=LINE('',#953,#952);
#955=DIRECTION('',(0.E0,-1.E0,0.E0));
#956=VECTOR('',#955,2.5E-1);
#957=CARTESIAN_POINT('',(-1.77E0,2.43E0,-5.E0));
#958=LINE('',#957,#956);
#959=DIRECTION('',(0.E0,-1.E0,0.E0));
#960=VECTOR('',#959,2.5E-1);
#961=CARTESIAN_POINT('',(-2.3E-1,2.43E0,-5.E0));
#962=LINE('',#961,#960);
#963=DIRECTION('',(1.E0,0.E0,0.E0));
#964=VECTOR('',#963,4.6E-1);
#965=CARTESIAN_POINT('',(-2.3E-1,2.18E0,-5.E0));
#966=LINE('',#965,#964);
#967=DIRECTION('',(0.E0,-1.E0,0.E0));
#968=VECTOR('',#967,2.5E-1);
#969=CARTESIAN_POINT('',(2.3E-1,2.43E0,-5.E0));
#970=LINE('',#969,#968);
#971=DIRECTION('',(0.E0,-1.E0,0.E0));
#972=VECTOR('',#971,2.5E-1);
#973=CARTESIAN_POINT('',(1.77E0,2.43E0,-5.E0));
#974=LINE('',#973,#972);
#975=DIRECTION('',(1.E0,0.E0,0.E0));
#976=VECTOR('',#975,4.6E-1);
#977=CARTESIAN_POINT('',(1.77E0,2.18E0,-5.E0));
#978=LINE('',#977,#976);
#979=DIRECTION('',(0.E0,-1.E0,0.E0));
#980=VECTOR('',#979,2.5E-1);
#981=CARTESIAN_POINT('',(2.23E0,2.43E0,-5.E0));
#982=LINE('',#981,#980);
#983=DIRECTION('',(1.E0,0.E0,0.E0));
#984=VECTOR('',#983,9.E0);
#985=CARTESIAN_POINT('',(-4.5E0,1.03E0,-5.E0));
#986=LINE('',#985,#984);
#987=DIRECTION('',(1.E0,0.E0,0.E0));
#988=VECTOR('',#987,2.27E0);
#989=CARTESIAN_POINT('',(2.23E0,2.43E0,-5.E0));
#990=LINE('',#989,#988);
#991=DIRECTION('',(0.E0,0.E0,1.E0));
#992=VECTOR('',#991,3.8E0);
#993=CARTESIAN_POINT('',(2.23E0,2.43E0,-5.E0));
#994=LINE('',#993,#992);
#995=DIRECTION('',(1.E0,0.E0,0.E0));
#996=VECTOR('',#995,4.6E-1);
#997=CARTESIAN_POINT('',(1.77E0,2.43E0,-1.2E0));
#998=LINE('',#997,#996);
#999=DIRECTION('',(0.E0,0.E0,1.E0));
#1000=VECTOR('',#999,3.8E0);
#1001=CARTESIAN_POINT('',(1.77E0,2.43E0,-5.E0));
#1002=LINE('',#1001,#1000);
#1003=DIRECTION('',(1.E0,0.E0,0.E0));
#1004=VECTOR('',#1003,1.54E0);
#1005=CARTESIAN_POINT('',(2.3E-1,2.43E0,-5.E0));
#1006=LINE('',#1005,#1004);
#1007=DIRECTION('',(0.E0,0.E0,1.E0));
#1008=VECTOR('',#1007,3.8E0);
#1009=CARTESIAN_POINT('',(2.3E-1,2.43E0,-5.E0));
#1010=LINE('',#1009,#1008);
#1011=DIRECTION('',(1.E0,0.E0,0.E0));
#1012=VECTOR('',#1011,4.6E-1);
#1013=CARTESIAN_POINT('',(-2.3E-1,2.43E0,-1.2E0));
#1014=LINE('',#1013,#1012);
#1015=DIRECTION('',(0.E0,0.E0,1.E0));
#1016=VECTOR('',#1015,3.8E0);
#1017=CARTESIAN_POINT('',(-2.3E-1,2.43E0,-5.E0));
#1018=LINE('',#1017,#1016);
#1019=DIRECTION('',(1.E0,0.E0,0.E0));
#1020=VECTOR('',#1019,1.54E0);
#1021=CARTESIAN_POINT('',(-1.77E0,2.43E0,-5.E0));
#1022=LINE('',#1021,#1020);
#1023=DIRECTION('',(0.E0,0.E0,1.E0));
#1024=VECTOR('',#1023,3.8E0);
#1025=CARTESIAN_POINT('',(-1.77E0,2.43E0,-5.E0));
#1026=LINE('',#1025,#1024);
#1027=DIRECTION('',(1.E0,0.E0,0.E0));
#1028=VECTOR('',#1027,4.6E-1);
#1029=CARTESIAN_POINT('',(-2.23E0,2.43E0,-1.2E0));
#1030=LINE('',#1029,#1028);
#1031=DIRECTION('',(0.E0,0.E0,1.E0));
#1032=VECTOR('',#1031,3.8E0);
#1033=CARTESIAN_POINT('',(-2.23E0,2.43E0,-5.E0));
#1034=LINE('',#1033,#1032);
#1035=CARTESIAN_POINT('',(2.23E0,2.38E0,-1.4E0));
#1036=DIRECTION('',(1.E0,0.E0,0.E0));
#1037=DIRECTION('',(0.E0,0.E0,1.E0));
#1038=AXIS2_PLACEMENT_3D('',#1035,#1036,#1037);
#1040=DIRECTION('',(0.E0,0.E0,1.E0));
#1041=VECTOR('',#1040,3.6E0);
#1042=CARTESIAN_POINT('',(2.23E0,2.18E0,-5.E0));
#1043=LINE('',#1042,#1041);
#1044=DIRECTION('',(1.E0,0.E0,0.E0));
#1045=VECTOR('',#1044,4.6E-1);
#1046=CARTESIAN_POINT('',(1.77E0,2.18E0,-1.4E0));
#1047=LINE('',#1046,#1045);
#1048=DIRECTION('',(0.E0,0.E0,1.E0));
#1049=VECTOR('',#1048,3.6E0);
#1050=CARTESIAN_POINT('',(1.77E0,2.18E0,-5.E0));
#1051=LINE('',#1050,#1049);
#1052=CARTESIAN_POINT('',(1.77E0,2.38E0,-1.4E0));
#1053=DIRECTION('',(-1.E0,0.E0,0.E0));
#1054=DIRECTION('',(0.E0,-1.E0,1.221245327088E-14));
#1055=AXIS2_PLACEMENT_3D('',#1052,#1053,#1054);
#1057=DIRECTION('',(1.E0,0.E0,0.E0));
#1058=VECTOR('',#1057,4.6E-1);
#1059=CARTESIAN_POINT('',(1.77E0,2.38E0,-1.2E0));
#1060=LINE('',#1059,#1058);
#1061=DIRECTION('',(0.E0,-1.E0,0.E0));
#1062=VECTOR('',#1061,5.E-2);
#1063=CARTESIAN_POINT('',(1.77E0,2.43E0,-1.2E0));
#1064=LINE('',#1063,#1062);
#1065=DIRECTION('',(0.E0,1.E0,0.E0));
#1066=VECTOR('',#1065,5.E-2);
#1067=CARTESIAN_POINT('',(2.23E0,2.38E0,-1.2E0));
#1068=LINE('',#1067,#1066);
#1069=CARTESIAN_POINT('',(2.3E-1,2.38E0,-1.4E0));
#1070=DIRECTION('',(1.E0,0.E0,0.E0));
#1071=DIRECTION('',(0.E0,0.E0,1.E0));
#1072=AXIS2_PLACEMENT_3D('',#1069,#1070,#1071);
#1074=DIRECTION('',(0.E0,0.E0,1.E0));
#1075=VECTOR('',#1074,3.6E0);
#1076=CARTESIAN_POINT('',(2.3E-1,2.18E0,-5.E0));
#1077=LINE('',#1076,#1075);
#1078=DIRECTION('',(1.E0,0.E0,0.E0));
#1079=VECTOR('',#1078,4.6E-1);
#1080=CARTESIAN_POINT('',(-2.3E-1,2.18E0,-1.4E0));
#1081=LINE('',#1080,#1079);
#1082=DIRECTION('',(0.E0,0.E0,1.E0));
#1083=VECTOR('',#1082,3.6E0);
#1084=CARTESIAN_POINT('',(-2.3E-1,2.18E0,-5.E0));
#1085=LINE('',#1084,#1083);
#1086=CARTESIAN_POINT('',(-2.3E-1,2.38E0,-1.4E0));
#1087=DIRECTION('',(-1.E0,0.E0,0.E0));
#1088=DIRECTION('',(0.E0,-1.E0,1.221245327088E-14));
#1089=AXIS2_PLACEMENT_3D('',#1086,#1087,#1088);
#1091=DIRECTION('',(1.E0,0.E0,0.E0));
#1092=VECTOR('',#1091,4.6E-1);
#1093=CARTESIAN_POINT('',(-2.3E-1,2.38E0,-1.2E0));
#1094=LINE('',#1093,#1092);
#1095=DIRECTION('',(0.E0,-1.E0,0.E0));
#1096=VECTOR('',#1095,5.E-2);
#1097=CARTESIAN_POINT('',(-2.3E-1,2.43E0,-1.2E0));
#1098=LINE('',#1097,#1096);
#1099=DIRECTION('',(0.E0,1.E0,0.E0));
#1100=VECTOR('',#1099,5.E-2);
#1101=CARTESIAN_POINT('',(2.3E-1,2.38E0,-1.2E0));
#1102=LINE('',#1101,#1100);
#1103=CARTESIAN_POINT('',(-1.77E0,2.38E0,-1.4E0));
#1104=DIRECTION('',(1.E0,0.E0,0.E0));
#1105=DIRECTION('',(0.E0,0.E0,1.E0));
#1106=AXIS2_PLACEMENT_3D('',#1103,#1104,#1105);
#1108=DIRECTION('',(0.E0,0.E0,1.E0));
#1109=VECTOR('',#1108,3.6E0);
#1110=CARTESIAN_POINT('',(-1.77E0,2.18E0,-5.E0));
#1111=LINE('',#1110,#1109);
#1112=DIRECTION('',(1.E0,0.E0,0.E0));
#1113=VECTOR('',#1112,4.6E-1);
#1114=CARTESIAN_POINT('',(-2.23E0,2.18E0,-1.4E0));
#1115=LINE('',#1114,#1113);
#1116=DIRECTION('',(0.E0,0.E0,1.E0));
#1117=VECTOR('',#1116,3.6E0);
#1118=CARTESIAN_POINT('',(-2.23E0,2.18E0,-5.E0));
#1119=LINE('',#1118,#1117);
#1120=CARTESIAN_POINT('',(-2.23E0,2.38E0,-1.4E0));
#1121=DIRECTION('',(-1.E0,0.E0,0.E0));
#1122=DIRECTION('',(0.E0,-1.E0,1.221245327088E-14));
#1123=AXIS2_PLACEMENT_3D('',#1120,#1121,#1122);
#1125=DIRECTION('',(1.E0,0.E0,0.E0));
#1126=VECTOR('',#1125,4.6E-1);
#1127=CARTESIAN_POINT('',(-2.23E0,2.38E0,-1.2E0));
#1128=LINE('',#1127,#1126);
#1129=DIRECTION('',(0.E0,-1.E0,0.E0));
#1130=VECTOR('',#1129,5.E-2);
#1131=CARTESIAN_POINT('',(-2.23E0,2.43E0,-1.2E0));
#1132=LINE('',#1131,#1130);
#1133=DIRECTION('',(0.E0,1.E0,0.E0));
#1134=VECTOR('',#1133,5.E-2);
#1135=CARTESIAN_POINT('',(-1.77E0,2.38E0,-1.2E0));
#1136=LINE('',#1135,#1134);
#1137=DIRECTION('',(0.E0,0.E0,1.E0));
#1138=VECTOR('',#1137,3.35E0);
#1139=CARTESIAN_POINT('',(2.75E0,2.5E-1,-4.3E0));
#1140=LINE('',#1139,#1138);
#1141=DIRECTION('',(0.E0,0.E0,1.E0));
#1142=VECTOR('',#1141,3.35E0);
#1143=CARTESIAN_POINT('',(3.25E0,2.5E-1,-4.3E0));
#1144=LINE('',#1143,#1142);
#1145=DIRECTION('',(0.E0,0.E0,1.E0));
#1146=VECTOR('',#1145,3.35E0);
#1147=CARTESIAN_POINT('',(3.25E0,-2.5E-1,-4.3E0));
#1148=LINE('',#1147,#1146);
#1149=DIRECTION('',(0.E0,0.E0,1.E0));
#1150=VECTOR('',#1149,3.35E0);
#1151=CARTESIAN_POINT('',(2.75E0,-2.5E-1,-4.3E0));
#1152=LINE('',#1151,#1150);
#1153=DIRECTION('',(0.E0,-1.E0,0.E0));
#1154=VECTOR('',#1153,5.E-1);
#1155=CARTESIAN_POINT('',(2.75E0,2.5E-1,-9.5E-1));
#1156=LINE('',#1155,#1154);
#1157=DIRECTION('',(-1.E0,0.E0,0.E0));
#1158=VECTOR('',#1157,5.E-1);
#1159=CARTESIAN_POINT('',(3.25E0,2.5E-1,-9.5E-1));
#1160=LINE('',#1159,#1158);
#1161=DIRECTION('',(0.E0,1.E0,0.E0));
#1162=VECTOR('',#1161,5.E-1);
#1163=CARTESIAN_POINT('',(3.25E0,-2.5E-1,-9.5E-1));
#1164=LINE('',#1163,#1162);
#1165=DIRECTION('',(1.E0,0.E0,0.E0));
#1166=VECTOR('',#1165,5.E-1);
#1167=CARTESIAN_POINT('',(2.75E0,-2.5E-1,-9.5E-1));
#1168=LINE('',#1167,#1166);
#1169=DIRECTION('',(0.E0,0.E0,1.E0));
#1170=VECTOR('',#1169,3.35E0);
#1171=CARTESIAN_POINT('',(7.5E-1,2.5E-1,-4.3E0));
#1172=LINE('',#1171,#1170);
#1173=DIRECTION('',(0.E0,0.E0,1.E0));
#1174=VECTOR('',#1173,3.35E0);
#1175=CARTESIAN_POINT('',(1.25E0,2.5E-1,-4.3E0));
#1176=LINE('',#1175,#1174);
#1177=DIRECTION('',(0.E0,0.E0,1.E0));
#1178=VECTOR('',#1177,3.35E0);
#1179=CARTESIAN_POINT('',(1.25E0,-2.5E-1,-4.3E0));
#1180=LINE('',#1179,#1178);
#1181=DIRECTION('',(0.E0,0.E0,1.E0));
#1182=VECTOR('',#1181,3.35E0);
#1183=CARTESIAN_POINT('',(7.5E-1,-2.5E-1,-4.3E0));
#1184=LINE('',#1183,#1182);
#1185=DIRECTION('',(0.E0,-1.E0,0.E0));
#1186=VECTOR('',#1185,5.E-1);
#1187=CARTESIAN_POINT('',(7.5E-1,2.5E-1,-9.5E-1));
#1188=LINE('',#1187,#1186);
#1189=DIRECTION('',(-1.E0,0.E0,0.E0));
#1190=VECTOR('',#1189,5.E-1);
#1191=CARTESIAN_POINT('',(1.25E0,2.5E-1,-9.5E-1));
#1192=LINE('',#1191,#1190);
#1193=DIRECTION('',(0.E0,1.E0,0.E0));
#1194=VECTOR('',#1193,5.E-1);
#1195=CARTESIAN_POINT('',(1.25E0,-2.5E-1,-9.5E-1));
#1196=LINE('',#1195,#1194);
#1197=DIRECTION('',(1.E0,0.E0,0.E0));
#1198=VECTOR('',#1197,5.E-1);
#1199=CARTESIAN_POINT('',(7.5E-1,-2.5E-1,-9.5E-1));
#1200=LINE('',#1199,#1198);
#1201=DIRECTION('',(0.E0,0.E0,1.E0));
#1202=VECTOR('',#1201,3.35E0);
#1203=CARTESIAN_POINT('',(-1.25E0,2.5E-1,-4.3E0));
#1204=LINE('',#1203,#1202);
#1205=DIRECTION('',(0.E0,0.E0,1.E0));
#1206=VECTOR('',#1205,3.35E0);
#1207=CARTESIAN_POINT('',(-7.5E-1,2.5E-1,-4.3E0));
#1208=LINE('',#1207,#1206);
#1209=DIRECTION('',(0.E0,0.E0,1.E0));
#1210=VECTOR('',#1209,3.35E0);
#1211=CARTESIAN_POINT('',(-7.5E-1,-2.5E-1,-4.3E0));
#1212=LINE('',#1211,#1210);
#1213=DIRECTION('',(0.E0,0.E0,1.E0));
#1214=VECTOR('',#1213,3.35E0);
#1215=CARTESIAN_POINT('',(-1.25E0,-2.5E-1,-4.3E0));
#1216=LINE('',#1215,#1214);
#1217=DIRECTION('',(0.E0,-1.E0,0.E0));
#1218=VECTOR('',#1217,5.E-1);
#1219=CARTESIAN_POINT('',(-1.25E0,2.5E-1,-9.5E-1));
#1220=LINE('',#1219,#1218);
#1221=DIRECTION('',(-1.E0,0.E0,0.E0));
#1222=VECTOR('',#1221,5.E-1);
#1223=CARTESIAN_POINT('',(-7.5E-1,2.5E-1,-9.5E-1));
#1224=LINE('',#1223,#1222);
#1225=DIRECTION('',(0.E0,1.E0,0.E0));
#1226=VECTOR('',#1225,5.E-1);
#1227=CARTESIAN_POINT('',(-7.5E-1,-2.5E-1,-9.5E-1));
#1228=LINE('',#1227,#1226);
#1229=DIRECTION('',(1.E0,0.E0,0.E0));
#1230=VECTOR('',#1229,5.E-1);
#1231=CARTESIAN_POINT('',(-1.25E0,-2.5E-1,-9.5E-1));
#1232=LINE('',#1231,#1230);
#1233=DIRECTION('',(0.E0,0.E0,1.E0));
#1234=VECTOR('',#1233,3.35E0);
#1235=CARTESIAN_POINT('',(-3.25E0,2.5E-1,-4.3E0));
#1236=LINE('',#1235,#1234);
#1237=DIRECTION('',(0.E0,0.E0,1.E0));
#1238=VECTOR('',#1237,3.35E0);
#1239=CARTESIAN_POINT('',(-2.75E0,2.5E-1,-4.3E0));
#1240=LINE('',#1239,#1238);
#1241=DIRECTION('',(0.E0,0.E0,1.E0));
#1242=VECTOR('',#1241,3.35E0);
#1243=CARTESIAN_POINT('',(-2.75E0,-2.5E-1,-4.3E0));
#1244=LINE('',#1243,#1242);
#1245=DIRECTION('',(0.E0,0.E0,1.E0));
#1246=VECTOR('',#1245,3.35E0);
#1247=CARTESIAN_POINT('',(-3.25E0,-2.5E-1,-4.3E0));
#1248=LINE('',#1247,#1246);
#1249=DIRECTION('',(0.E0,-1.E0,0.E0));
#1250=VECTOR('',#1249,5.E-1);
#1251=CARTESIAN_POINT('',(-3.25E0,2.5E-1,-9.5E-1));
#1252=LINE('',#1251,#1250);
#1253=DIRECTION('',(-1.E0,0.E0,0.E0));
#1254=VECTOR('',#1253,5.E-1);
#1255=CARTESIAN_POINT('',(-2.75E0,2.5E-1,-9.5E-1));
#1256=LINE('',#1255,#1254);
#1257=DIRECTION('',(0.E0,1.E0,0.E0));
#1258=VECTOR('',#1257,5.E-1);
#1259=CARTESIAN_POINT('',(-2.75E0,-2.5E-1,-9.5E-1));
#1260=LINE('',#1259,#1258);
#1261=DIRECTION('',(1.E0,0.E0,0.E0));
#1262=VECTOR('',#1261,5.E-1);
#1263=CARTESIAN_POINT('',(-3.25E0,-2.5E-1,-9.5E-1));
#1264=LINE('',#1263,#1262);
#1265=DIRECTION('',(0.E0,-7.071067811865E-1,7.071067811865E-1));
#1266=VECTOR('',#1265,2.828427124746E-1);
#1267=CARTESIAN_POINT('',(4.5E0,-1.17E0,-2.E-1));
#1268=LINE('',#1267,#1266);
#1269=DIRECTION('',(0.E0,-1.E0,0.E0));
#1270=VECTOR('',#1269,5.2E0);
#1271=CARTESIAN_POINT('',(1.8E0,2.93E0,-5.87E0));
#1272=LINE('',#1271,#1270);
#1273=DIRECTION('',(0.E0,-1.E0,0.E0));
#1274=VECTOR('',#1273,5.2E0);
#1275=CARTESIAN_POINT('',(2.E-1,2.93E0,-5.87E0));
#1276=LINE('',#1275,#1274);
#1277=DIRECTION('',(1.E0,0.E0,0.E0));
#1278=VECTOR('',#1277,5.E-1);
#1279=CARTESIAN_POINT('',(7.5E-1,2.5E-1,-5.87E0));
#1280=LINE('',#1279,#1278);
#1281=DIRECTION('',(0.E0,-1.E0,0.E0));
#1282=VECTOR('',#1281,5.E-1);
#1283=CARTESIAN_POINT('',(1.25E0,2.5E-1,-5.87E0));
#1284=LINE('',#1283,#1282);
#1285=DIRECTION('',(-1.E0,0.E0,0.E0));
#1286=VECTOR('',#1285,5.E-1);
#1287=CARTESIAN_POINT('',(1.25E0,-2.5E-1,-5.87E0));
#1288=LINE('',#1287,#1286);
#1289=DIRECTION('',(0.E0,1.E0,0.E0));
#1290=VECTOR('',#1289,5.E-1);
#1291=CARTESIAN_POINT('',(7.5E-1,-2.5E-1,-5.87E0));
#1292=LINE('',#1291,#1290);
#1293=DIRECTION('',(0.E0,0.E0,-1.E0));
#1294=VECTOR('',#1293,3.6E0);
#1295=CARTESIAN_POINT('',(7.5E-1,2.5E-1,-5.87E0));
#1296=LINE('',#1295,#1294);
#1297=DIRECTION('',(0.E0,0.E0,-1.E0));
#1298=VECTOR('',#1297,3.6E0);
#1299=CARTESIAN_POINT('',(7.5E-1,-2.5E-1,-5.87E0));
#1300=LINE('',#1299,#1298);
#1301=DIRECTION('',(0.E0,0.E0,-1.E0));
#1302=VECTOR('',#1301,3.6E0);
#1303=CARTESIAN_POINT('',(1.25E0,-2.5E-1,-5.87E0));
#1304=LINE('',#1303,#1302);
#1305=DIRECTION('',(0.E0,0.E0,-1.E0));
#1306=VECTOR('',#1305,3.6E0);
#1307=CARTESIAN_POINT('',(1.25E0,2.5E-1,-5.87E0));
#1308=LINE('',#1307,#1306);
#1309=DIRECTION('',(1.E0,0.E0,0.E0));
#1310=VECTOR('',#1309,5.E-1);
#1311=CARTESIAN_POINT('',(7.5E-1,2.5E-1,-9.47E0));
#1312=LINE('',#1311,#1310);
#1313=DIRECTION('',(0.E0,1.E0,0.E0));
#1314=VECTOR('',#1313,5.E-1);
#1315=CARTESIAN_POINT('',(7.5E-1,-2.5E-1,-9.47E0));
#1316=LINE('',#1315,#1314);
#1317=DIRECTION('',(-1.E0,0.E0,0.E0));
#1318=VECTOR('',#1317,5.E-1);
#1319=CARTESIAN_POINT('',(1.25E0,-2.5E-1,-9.47E0));
#1320=LINE('',#1319,#1318);
#1321=DIRECTION('',(0.E0,-1.E0,0.E0));
#1322=VECTOR('',#1321,5.E-1);
#1323=CARTESIAN_POINT('',(1.25E0,2.5E-1,-9.47E0));
#1324=LINE('',#1323,#1322);
#1325=DIRECTION('',(0.E0,-1.E0,0.E0));
#1326=VECTOR('',#1325,5.2E0);
#1327=CARTESIAN_POINT('',(-2.E-1,2.93E0,-5.87E0));
#1328=LINE('',#1327,#1326);
#1329=DIRECTION('',(0.E0,-1.E0,0.E0));
#1330=VECTOR('',#1329,5.2E0);
#1331=CARTESIAN_POINT('',(-1.8E0,2.93E0,-5.87E0));
#1332=LINE('',#1331,#1330);
#1333=DIRECTION('',(0.E0,1.E0,0.E0));
#1334=VECTOR('',#1333,5.E-1);
#1335=CARTESIAN_POINT('',(-7.5E-1,-2.5E-1,-5.87E0));
#1336=LINE('',#1335,#1334);
#1337=DIRECTION('',(1.E0,0.E0,0.E0));
#1338=VECTOR('',#1337,5.E-1);
#1339=CARTESIAN_POINT('',(-1.25E0,-2.5E-1,-5.87E0));
#1340=LINE('',#1339,#1338);
#1341=DIRECTION('',(0.E0,-1.E0,0.E0));
#1342=VECTOR('',#1341,5.E-1);
#1343=CARTESIAN_POINT('',(-1.25E0,2.5E-1,-5.87E0));
#1344=LINE('',#1343,#1342);
#1345=DIRECTION('',(1.E0,0.E0,0.E0));
#1346=VECTOR('',#1345,5.E-1);
#1347=CARTESIAN_POINT('',(-1.25E0,2.5E-1,-5.87E0));
#1348=LINE('',#1347,#1346);
#1349=DIRECTION('',(0.E0,0.E0,1.E0));
#1350=VECTOR('',#1349,1.995069776761E-1);
#1351=CARTESIAN_POINT('',(-7.5E-1,2.5E-1,-6.069506977676E0));
#1352=LINE('',#1351,#1350);
#1353=DIRECTION('',(0.E0,-1.144469388678E-1,9.934293624530E-1));
#1354=VECTOR('',#1353,1.494645633724E0);
#1355=CARTESIAN_POINT('',(-7.5E-1,4.210576174718E-1,-7.554331836679E0));
#1356=LINE('',#1355,#1354);
#1357=CARTESIAN_POINT('',(-7.5E-1,-1.75E-1,-7.623E0));
#1358=DIRECTION('',(1.E0,0.E0,0.E0));
#1359=DIRECTION('',(0.E0,9.865699589246E-1,-1.633392670104E-1));
#1360=AXIS2_PLACEMENT_3D('',#1357,#1358,#1359);
#1362=DIRECTION('',(0.E0,1.633392670104E-1,9.865699589246E-1));
#1363=VECTOR('',#1362,9.233904916123E-1);
#1364=CARTESIAN_POINT('',(-7.5E-1,2.661160492905E-1,-8.631992879588E0));
#1365=LINE('',#1364,#1363);
#1366=CARTESIAN_POINT('',(-7.5E-1,1.45E0,-8.828E0));
#1367=DIRECTION('',(-1.E0,0.E0,0.E0));
#1368=DIRECTION('',(0.E0,-1.E0,1.184237892934E-14));
#1369=AXIS2_PLACEMENT_3D('',#1366,#1367,#1368);
#1371=DIRECTION('',(0.E0,0.E0,1.E0));
#1372=VECTOR('',#1371,6.42E-1);
#1373=CARTESIAN_POINT('',(-7.5E-1,2.5E-1,-9.47E0));
#1374=LINE('',#1373,#1372);
#1375=DIRECTION('',(0.E0,1.E0,0.E0));
#1376=VECTOR('',#1375,5.E-1);
#1377=CARTESIAN_POINT('',(-7.5E-1,-2.5E-1,-9.47E0));
#1378=LINE('',#1377,#1376);
#1379=DIRECTION('',(0.E0,0.E0,-1.E0));
#1380=VECTOR('',#1379,6.647441974345E-1);
#1381=CARTESIAN_POINT('',(-7.5E-1,-2.5E-1,-8.805255802565E0));
#1382=LINE('',#1381,#1380);
#1383=CARTESIAN_POINT('',(-7.5E-1,9.5E-1,-8.805255802565E0));
#1384=DIRECTION('',(1.E0,0.E0,0.E0));
#1385=DIRECTION('',(0.E0,-9.865699589246E-1,1.633392670104E-1));
#1386=AXIS2_PLACEMENT_3D('',#1383,#1384,#1385);
#1388=DIRECTION('',(0.E0,-1.633392670104E-1,-9.865699589246E-1));
#1389=VECTOR('',#1388,9.126136234705E-1);
#1390=CARTESIAN_POINT('',(-7.5E-1,-8.481831038818E-2,-7.708891497132E0));
#1391=LINE('',#1390,#1389);
#1392=CARTESIAN_POINT('',(-7.5E-1,-6.787334256608E-1,-7.610561258391E0));
#1393=DIRECTION('',(-1.E0,0.E0,0.E0));
#1394=DIRECTION('',(0.E0,9.934293624530E-1,1.144469388678E-1));
#1395=AXIS2_PLACEMENT_3D('',#1392,#1393,#1394);
#1397=DIRECTION('',(0.E0,1.144469388678E-1,-9.934293624530E-1));
#1398=VECTOR('',#1397,1.479384701861E0);
#1399=CARTESIAN_POINT('',(-7.5E-1,-2.5E-1,-6.072E0));
#1400=LINE('',#1399,#1398);
#1401=DIRECTION('',(0.E0,0.E0,-1.E0));
#1402=VECTOR('',#1401,2.02E-1);
#1403=CARTESIAN_POINT('',(-7.5E-1,-2.5E-1,-5.87E0));
#1404=LINE('',#1403,#1402);
#1405=DIRECTION('',(-1.E0,0.E0,0.E0));
#1406=VECTOR('',#1405,5.E-1);
#1407=CARTESIAN_POINT('',(-7.5E-1,2.5E-1,-6.069506977676E0));
#1408=LINE('',#1407,#1406);
#1409=DIRECTION('',(0.E0,0.E0,-1.E0));
#1410=VECTOR('',#1409,2.02E-1);
#1411=CARTESIAN_POINT('',(-1.25E0,-2.5E-1,-5.87E0));
#1412=LINE('',#1411,#1410);
#1413=DIRECTION('',(0.E0,1.144469388678E-1,-9.934293624530E-1));
#1414=VECTOR('',#1413,1.479384701861E0);
#1415=CARTESIAN_POINT('',(-1.25E0,-2.5E-1,-6.072E0));
#1416=LINE('',#1415,#1414);
#1417=CARTESIAN_POINT('',(-1.25E0,-6.787334256608E-1,-7.610561258391E0));
#1418=DIRECTION('',(-1.E0,0.E0,0.E0));
#1419=DIRECTION('',(0.E0,9.934293624530E-1,1.144469388678E-1));
#1420=AXIS2_PLACEMENT_3D('',#1417,#1418,#1419);
#1422=DIRECTION('',(0.E0,-1.633392670104E-1,-9.865699589246E-1));
#1423=VECTOR('',#1422,9.126136234705E-1);
#1424=CARTESIAN_POINT('',(-1.25E0,-8.481831038817E-2,-7.708891497132E0));
#1425=LINE('',#1424,#1423);
#1426=CARTESIAN_POINT('',(-1.25E0,9.5E-1,-8.805255802565E0));
#1427=DIRECTION('',(1.E0,0.E0,0.E0));
#1428=DIRECTION('',(0.E0,-9.865699589246E-1,1.633392670104E-1));
#1429=AXIS2_PLACEMENT_3D('',#1426,#1427,#1428);
#1431=DIRECTION('',(0.E0,0.E0,-1.E0));
#1432=VECTOR('',#1431,6.647441974345E-1);
#1433=CARTESIAN_POINT('',(-1.25E0,-2.5E-1,-8.805255802565E0));
#1434=LINE('',#1433,#1432);
#1435=DIRECTION('',(0.E0,1.E0,0.E0));
#1436=VECTOR('',#1435,5.E-1);
#1437=CARTESIAN_POINT('',(-1.25E0,-2.5E-1,-9.47E0));
#1438=LINE('',#1437,#1436);
#1439=DIRECTION('',(0.E0,0.E0,1.E0));
#1440=VECTOR('',#1439,6.42E-1);
#1441=CARTESIAN_POINT('',(-1.25E0,2.5E-1,-9.47E0));
#1442=LINE('',#1441,#1440);
#1443=CARTESIAN_POINT('',(-1.25E0,1.45E0,-8.828E0));
#1444=DIRECTION('',(-1.E0,0.E0,0.E0));
#1445=DIRECTION('',(0.E0,-1.E0,0.E0));
#1446=AXIS2_PLACEMENT_3D('',#1443,#1444,#1445);
#1448=DIRECTION('',(0.E0,1.633392670104E-1,9.865699589246E-1));
#1449=VECTOR('',#1448,9.233904916123E-1);
#1450=CARTESIAN_POINT('',(-1.25E0,2.661160492905E-1,-8.631992879588E0));
#1451=LINE('',#1450,#1449);
#1452=CARTESIAN_POINT('',(-1.25E0,-1.75E-1,-7.623E0));
#1453=DIRECTION('',(1.E0,0.E0,0.E0));
#1454=DIRECTION('',(0.E0,9.865699589246E-1,-1.633392670104E-1));
#1455=AXIS2_PLACEMENT_3D('',#1452,#1453,#1454);
#1457=DIRECTION('',(0.E0,-1.144469388678E-1,9.934293624530E-1));
#1458=VECTOR('',#1457,1.494645633724E0);
#1459=CARTESIAN_POINT('',(-1.25E0,4.210576174718E-1,-7.554331836679E0));
#1460=LINE('',#1459,#1458);
#1461=DIRECTION('',(0.E0,0.E0,1.E0));
#1462=VECTOR('',#1461,1.995069776761E-1);
#1463=CARTESIAN_POINT('',(-1.25E0,2.5E-1,-6.069506977676E0));
#1464=LINE('',#1463,#1462);
#1465=DIRECTION('',(-1.E0,0.E0,0.E0));
#1466=VECTOR('',#1465,5.E-1);
#1467=CARTESIAN_POINT('',(-7.5E-1,-2.5E-1,-6.072E0));
#1468=LINE('',#1467,#1466);
#1469=DIRECTION('',(-1.E0,0.E0,0.E0));
#1470=VECTOR('',#1469,5.E-1);
#1471=CARTESIAN_POINT('',(-7.5E-1,-8.068894946408E-2,-7.541664201193E0));
#1472=LINE('',#1471,#1470);
#1473=DIRECTION('',(-1.E0,0.E0,2.664535259100E-14));
#1474=VECTOR('',#1473,5.E-1);
#1475=CARTESIAN_POINT('',(-7.5E-1,-8.481831038818E-2,-7.708891497132E0));
#1476=LINE('',#1475,#1474);
#1477=DIRECTION('',(-1.E0,0.E0,0.E0));
#1478=VECTOR('',#1477,5.E-1);
#1479=CARTESIAN_POINT('',(-7.5E-1,-2.338839507095E-1,-8.609248682153E0));
#1480=LINE('',#1479,#1478);
#1481=DIRECTION('',(-1.E0,0.E0,-3.552713678800E-14));
#1482=VECTOR('',#1481,5.E-1);
#1483=CARTESIAN_POINT('',(-7.5E-1,-2.5E-1,-8.805255802565E0));
#1484=LINE('',#1483,#1482);
#1485=DIRECTION('',(-1.E0,0.E0,0.E0));
#1486=VECTOR('',#1485,5.E-1);
#1487=CARTESIAN_POINT('',(-7.5E-1,-2.5E-1,-9.47E0));
#1488=LINE('',#1487,#1486);
#1489=DIRECTION('',(-1.E0,0.E0,0.E0));
#1490=VECTOR('',#1489,5.E-1);
#1491=CARTESIAN_POINT('',(-7.5E-1,2.5E-1,-9.47E0));
#1492=LINE('',#1491,#1490);
#1493=DIRECTION('',(-1.E0,0.E0,-2.842170943040E-14));
#1494=VECTOR('',#1493,5.E-1);
#1495=CARTESIAN_POINT('',(-7.5E-1,2.5E-1,-8.828E0));
#1496=LINE('',#1495,#1494);
#1497=DIRECTION('',(-1.E0,0.E0,1.065814103640E-14));
#1498=VECTOR('',#1497,5.E-1);
#1499=CARTESIAN_POINT('',(-7.5E-1,2.661160492905E-1,-8.631992879588E0));
#1500=LINE('',#1499,#1498);
#1501=DIRECTION('',(-1.E0,0.E0,0.E0));
#1502=VECTOR('',#1501,5.E-1);
#1503=CARTESIAN_POINT('',(-7.5E-1,4.169419753548E-1,-7.721003560206E0));
#1504=LINE('',#1503,#1502);
#1505=DIRECTION('',(-1.E0,0.E0,2.664535259100E-14));
#1506=VECTOR('',#1505,5.E-1);
#1507=CARTESIAN_POINT('',(-7.5E-1,4.210576174718E-1,-7.554331836679E0));
#1508=LINE('',#1507,#1506);
#1509=DIRECTION('',(0.E0,-1.E0,0.E0));
#1510=VECTOR('',#1509,5.2E0);
#1511=CARTESIAN_POINT('',(-2.2E0,2.93E0,-5.87E0));
#1512=LINE('',#1511,#1510);
#1513=DIRECTION('',(0.E0,-1.E0,0.E0));
#1514=VECTOR('',#1513,5.2E0);
#1515=CARTESIAN_POINT('',(-3.8E0,2.93E0,-5.87E0));
#1516=LINE('',#1515,#1514);
#1517=DIRECTION('',(0.E0,1.E0,0.E0));
#1518=VECTOR('',#1517,5.E-1);
#1519=CARTESIAN_POINT('',(-2.75E0,-2.5E-1,-5.87E0));
#1520=LINE('',#1519,#1518);
#1521=DIRECTION('',(1.E0,0.E0,0.E0));
#1522=VECTOR('',#1521,5.E-1);
#1523=CARTESIAN_POINT('',(-3.25E0,-2.5E-1,-5.87E0));
#1524=LINE('',#1523,#1522);
#1525=DIRECTION('',(0.E0,-1.E0,0.E0));
#1526=VECTOR('',#1525,5.E-1);
#1527=CARTESIAN_POINT('',(-3.25E0,2.5E-1,-5.87E0));
#1528=LINE('',#1527,#1526);
#1529=DIRECTION('',(1.E0,0.E0,0.E0));
#1530=VECTOR('',#1529,5.E-1);
#1531=CARTESIAN_POINT('',(-3.25E0,2.5E-1,-5.87E0));
#1532=LINE('',#1531,#1530);
#1533=DIRECTION('',(0.E0,0.E0,1.E0));
#1534=VECTOR('',#1533,2.02E-1);
#1535=CARTESIAN_POINT('',(-2.75E0,2.5E-1,-6.072E0));
#1536=LINE('',#1535,#1534);
#1537=DIRECTION('',(0.E0,1.144469388678E-1,9.934293624530E-1));
#1538=VECTOR('',#1537,1.479384701861E0);
#1539=CARTESIAN_POINT('',(-2.75E0,8.068894946408E-2,-7.541664201193E0));
#1540=LINE('',#1539,#1538);
#1541=CARTESIAN_POINT('',(-2.75E0,6.787334256608E-1,-7.610561258391E0));
#1542=DIRECTION('',(-1.E0,0.E0,0.E0));
#1543=DIRECTION('',(0.E0,-9.865699589246E-1,-1.633392670104E-1));
#1544=AXIS2_PLACEMENT_3D('',#1541,#1542,#1543);
#1546=DIRECTION('',(0.E0,-1.633392670104E-1,9.865699589246E-1));
#1547=VECTOR('',#1546,9.126136234705E-1);
#1548=CARTESIAN_POINT('',(-2.75E0,2.338839507095E-1,-8.609248682153E0));
#1549=LINE('',#1548,#1547);
#1550=CARTESIAN_POINT('',(-2.75E0,-9.5E-1,-8.805255802565E0));
#1551=DIRECTION('',(1.E0,0.E0,0.E0));
#1552=DIRECTION('',(0.E0,1.E0,2.812564995717E-14));
#1553=AXIS2_PLACEMENT_3D('',#1550,#1551,#1552);
#1555=DIRECTION('',(0.E0,0.E0,1.E0));
#1556=VECTOR('',#1555,6.647441974345E-1);
#1557=CARTESIAN_POINT('',(-2.75E0,2.5E-1,-9.47E0));
#1558=LINE('',#1557,#1556);
#1559=DIRECTION('',(0.E0,1.E0,0.E0));
#1560=VECTOR('',#1559,5.E-1);
#1561=CARTESIAN_POINT('',(-2.75E0,-2.5E-1,-9.47E0));
#1562=LINE('',#1561,#1560);
#1563=DIRECTION('',(0.E0,0.E0,-1.E0));
#1564=VECTOR('',#1563,6.42E-1);
#1565=CARTESIAN_POINT('',(-2.75E0,-2.5E-1,-8.828E0));
#1566=LINE('',#1565,#1564);
#1567=CARTESIAN_POINT('',(-2.75E0,-1.45E0,-8.828E0));
#1568=DIRECTION('',(-1.E0,0.E0,0.E0));
#1569=DIRECTION('',(0.E0,9.865699589246E-1,1.633392670104E-1));
#1570=AXIS2_PLACEMENT_3D('',#1567,#1568,#1569);
#1572=DIRECTION('',(0.E0,1.633392670104E-1,-9.865699589246E-1));
#1573=VECTOR('',#1572,9.233904916123E-1);
#1574=CARTESIAN_POINT('',(-2.75E0,-4.169419753548E-1,-7.721003560206E0));
#1575=LINE('',#1574,#1573);
#1576=CARTESIAN_POINT('',(-2.75E0,1.75E-1,-7.623E0));
#1577=DIRECTION('',(1.E0,0.E0,0.E0));
#1578=DIRECTION('',(0.E0,-9.934293624530E-1,1.144469388678E-1));
#1579=AXIS2_PLACEMENT_3D('',#1576,#1577,#1578);
#1581=DIRECTION('',(0.E0,-1.144469388678E-1,-9.934293624530E-1));
#1582=VECTOR('',#1581,1.494645633724E0);
#1583=CARTESIAN_POINT('',(-2.75E0,-2.5E-1,-6.069506977676E0));
#1584=LINE('',#1583,#1582);
#1585=DIRECTION('',(0.E0,0.E0,-1.E0));
#1586=VECTOR('',#1585,1.995069776761E-1);
#1587=CARTESIAN_POINT('',(-2.75E0,-2.5E-1,-5.87E0));
#1588=LINE('',#1587,#1586);
#1589=DIRECTION('',(-1.E0,0.E0,0.E0));
#1590=VECTOR('',#1589,5.E-1);
#1591=CARTESIAN_POINT('',(-2.75E0,2.5E-1,-6.072E0));
#1592=LINE('',#1591,#1590);
#1593=DIRECTION('',(0.E0,0.E0,-1.E0));
#1594=VECTOR('',#1593,1.995069776761E-1);
#1595=CARTESIAN_POINT('',(-3.25E0,-2.5E-1,-5.87E0));
#1596=LINE('',#1595,#1594);
#1597=DIRECTION('',(0.E0,-1.144469388678E-1,-9.934293624530E-1));
#1598=VECTOR('',#1597,1.494645633724E0);
#1599=CARTESIAN_POINT('',(-3.25E0,-2.5E-1,-6.069506977676E0));
#1600=LINE('',#1599,#1598);
#1601=CARTESIAN_POINT('',(-3.25E0,1.75E-1,-7.623E0));
#1602=DIRECTION('',(1.E0,0.E0,0.E0));
#1603=DIRECTION('',(0.E0,-9.934293624530E-1,1.144469388678E-1));
#1604=AXIS2_PLACEMENT_3D('',#1601,#1602,#1603);
#1606=DIRECTION('',(0.E0,1.633392670104E-1,-9.865699589246E-1));
#1607=VECTOR('',#1606,9.233904916123E-1);
#1608=CARTESIAN_POINT('',(-3.25E0,-4.169419753548E-1,-7.721003560206E0));
#1609=LINE('',#1608,#1607);
#1610=CARTESIAN_POINT('',(-3.25E0,-1.45E0,-8.828E0));
#1611=DIRECTION('',(-1.E0,0.E0,0.E0));
#1612=DIRECTION('',(0.E0,9.865699589246E-1,1.633392670104E-1));
#1613=AXIS2_PLACEMENT_3D('',#1610,#1611,#1612);
#1615=DIRECTION('',(0.E0,0.E0,-1.E0));
#1616=VECTOR('',#1615,6.42E-1);
#1617=CARTESIAN_POINT('',(-3.25E0,-2.5E-1,-8.828E0));
#1618=LINE('',#1617,#1616);
#1619=DIRECTION('',(0.E0,1.E0,0.E0));
#1620=VECTOR('',#1619,5.E-1);
#1621=CARTESIAN_POINT('',(-3.25E0,-2.5E-1,-9.47E0));
#1622=LINE('',#1621,#1620);
#1623=DIRECTION('',(0.E0,0.E0,1.E0));
#1624=VECTOR('',#1623,6.647441974345E-1);
#1625=CARTESIAN_POINT('',(-3.25E0,2.5E-1,-9.47E0));
#1626=LINE('',#1625,#1624);
#1627=CARTESIAN_POINT('',(-3.25E0,-9.5E-1,-8.805255802565E0));
#1628=DIRECTION('',(1.E0,0.E0,0.E0));
#1629=DIRECTION('',(0.E0,1.E0,0.E0));
#1630=AXIS2_PLACEMENT_3D('',#1627,#1628,#1629);
#1632=DIRECTION('',(0.E0,-1.633392670104E-1,9.865699589246E-1));
#1633=VECTOR('',#1632,9.126136234705E-1);
#1634=CARTESIAN_POINT('',(-3.25E0,2.338839507095E-1,-8.609248682153E0));
#1635=LINE('',#1634,#1633);
#1636=CARTESIAN_POINT('',(-3.25E0,6.787334256608E-1,-7.610561258391E0));
#1637=DIRECTION('',(-1.E0,0.E0,0.E0));
#1638=DIRECTION('',(0.E0,-9.865699589246E-1,-1.633392670104E-1));
#1639=AXIS2_PLACEMENT_3D('',#1636,#1637,#1638);
#1641=DIRECTION('',(0.E0,1.144469388678E-1,9.934293624530E-1));
#1642=VECTOR('',#1641,1.479384701861E0);
#1643=CARTESIAN_POINT('',(-3.25E0,8.068894946408E-2,-7.541664201193E0));
#1644=LINE('',#1643,#1642);
#1645=DIRECTION('',(0.E0,0.E0,1.E0));
#1646=VECTOR('',#1645,2.02E-1);
#1647=CARTESIAN_POINT('',(-3.25E0,2.5E-1,-6.072E0));
#1648=LINE('',#1647,#1646);
#1649=DIRECTION('',(-1.E0,0.E0,0.E0));
#1650=VECTOR('',#1649,5.E-1);
#1651=CARTESIAN_POINT('',(-2.75E0,-2.5E-1,-6.069506977676E0));
#1652=LINE('',#1651,#1650);
#1653=DIRECTION('',(-1.E0,0.E0,3.375077994860E-14));
#1654=VECTOR('',#1653,5.E-1);
#1655=CARTESIAN_POINT('',(-2.75E0,-4.210576174718E-1,-7.554331836679E0));
#1656=LINE('',#1655,#1654);
#1657=DIRECTION('',(-1.E0,0.E0,0.E0));
#1658=VECTOR('',#1657,5.E-1);
#1659=CARTESIAN_POINT('',(-2.75E0,-4.169419753548E-1,-7.721003560206E0));
#1660=LINE('',#1659,#1658);
#1661=DIRECTION('',(-1.E0,0.E0,0.E0));
#1662=VECTOR('',#1661,5.E-1);
#1663=CARTESIAN_POINT('',(-2.75E0,-2.661160492905E-1,-8.631992879588E0));
#1664=LINE('',#1663,#1662);
#1665=DIRECTION('',(-1.E0,0.E0,-4.263256414561E-14));
#1666=VECTOR('',#1665,5.E-1);
#1667=CARTESIAN_POINT('',(-2.75E0,-2.5E-1,-8.828E0));
#1668=LINE('',#1667,#1666);
#1669=DIRECTION('',(-1.E0,0.E0,0.E0));
#1670=VECTOR('',#1669,5.E-1);
#1671=CARTESIAN_POINT('',(-2.75E0,-2.5E-1,-9.47E0));
#1672=LINE('',#1671,#1670);
#1673=DIRECTION('',(-1.E0,0.E0,0.E0));
#1674=VECTOR('',#1673,5.E-1);
#1675=CARTESIAN_POINT('',(-2.75E0,2.5E-1,-9.47E0));
#1676=LINE('',#1675,#1674);
#1677=DIRECTION('',(-1.E0,0.E0,-4.973799150321E-14));
#1678=VECTOR('',#1677,5.E-1);
#1679=CARTESIAN_POINT('',(-2.75E0,2.5E-1,-8.805255802565E0));
#1680=LINE('',#1679,#1678);
#1681=DIRECTION('',(-1.E0,0.E0,0.E0));
#1682=VECTOR('',#1681,5.E-1);
#1683=CARTESIAN_POINT('',(-2.75E0,2.338839507095E-1,-8.609248682153E0));
#1684=LINE('',#1683,#1682);
#1685=DIRECTION('',(-1.E0,0.E0,3.375077994860E-14));
#1686=VECTOR('',#1685,5.E-1);
#1687=CARTESIAN_POINT('',(-2.75E0,8.481831038818E-2,-7.708891497132E0));
#1688=LINE('',#1687,#1686);
#1689=DIRECTION('',(-1.E0,0.E0,0.E0));
#1690=VECTOR('',#1689,5.E-1);
#1691=CARTESIAN_POINT('',(-2.75E0,8.068894946408E-2,-7.541664201193E0));
#1692=LINE('',#1691,#1690);
#1693=DIRECTION('',(0.E0,0.E0,1.E0));
#1694=VECTOR('',#1693,2.02E-1);
#1695=CARTESIAN_POINT('',(3.25E0,2.5E-1,-6.072E0));
#1696=LINE('',#1695,#1694);
#1697=DIRECTION('',(0.E0,1.144469388678E-1,9.934293624530E-1));
#1698=VECTOR('',#1697,1.479384701861E0);
#1699=CARTESIAN_POINT('',(3.25E0,8.068894946408E-2,-7.541664201193E0));
#1700=LINE('',#1699,#1698);
#1701=CARTESIAN_POINT('',(3.25E0,6.787334256608E-1,-7.610561258391E0));
#1702=DIRECTION('',(-1.E0,0.E0,0.E0));
#1703=DIRECTION('',(0.E0,-9.865699589246E-1,-1.633392670104E-1));
#1704=AXIS2_PLACEMENT_3D('',#1701,#1702,#1703);
#1706=DIRECTION('',(0.E0,-1.633392670104E-1,9.865699589246E-1));
#1707=VECTOR('',#1706,9.126136234705E-1);
#1708=CARTESIAN_POINT('',(3.25E0,2.338839507095E-1,-8.609248682153E0));
#1709=LINE('',#1708,#1707);
#1710=CARTESIAN_POINT('',(3.25E0,-9.5E-1,-8.805255802565E0));
#1711=DIRECTION('',(1.E0,0.E0,0.E0));
#1712=DIRECTION('',(0.E0,1.E0,1.480297366167E-14));
#1713=AXIS2_PLACEMENT_3D('',#1710,#1711,#1712);
#1715=DIRECTION('',(0.E0,0.E0,1.E0));
#1716=VECTOR('',#1715,6.647441974345E-1);
#1717=CARTESIAN_POINT('',(3.25E0,2.5E-1,-9.47E0));
#1718=LINE('',#1717,#1716);
#1719=DIRECTION('',(0.E0,1.E0,0.E0));
#1720=VECTOR('',#1719,5.E-1);
#1721=CARTESIAN_POINT('',(3.25E0,-2.5E-1,-9.47E0));
#1722=LINE('',#1721,#1720);
#1723=DIRECTION('',(0.E0,0.E0,-1.E0));
#1724=VECTOR('',#1723,6.42E-1);
#1725=CARTESIAN_POINT('',(3.25E0,-2.5E-1,-8.828E0));
#1726=LINE('',#1725,#1724);
#1727=CARTESIAN_POINT('',(3.25E0,-1.45E0,-8.828E0));
#1728=DIRECTION('',(-1.E0,0.E0,0.E0));
#1729=DIRECTION('',(0.E0,9.865699589246E-1,1.633392670104E-1));
#1730=AXIS2_PLACEMENT_3D('',#1727,#1728,#1729);
#1732=DIRECTION('',(0.E0,1.633392670104E-1,-9.865699589246E-1));
#1733=VECTOR('',#1732,9.233904916123E-1);
#1734=CARTESIAN_POINT('',(3.25E0,-4.169419753548E-1,-7.721003560206E0));
#1735=LINE('',#1734,#1733);
#1736=CARTESIAN_POINT('',(3.25E0,1.75E-1,-7.623E0));
#1737=DIRECTION('',(1.E0,0.E0,0.E0));
#1738=DIRECTION('',(0.E0,-9.934293624530E-1,1.144469388678E-1));
#1739=AXIS2_PLACEMENT_3D('',#1736,#1737,#1738);
#1741=DIRECTION('',(0.E0,-1.144469388678E-1,-9.934293624530E-1));
#1742=VECTOR('',#1741,1.494645633724E0);
#1743=CARTESIAN_POINT('',(3.25E0,-2.5E-1,-6.069506977676E0));
#1744=LINE('',#1743,#1742);
#1745=DIRECTION('',(0.E0,0.E0,-1.E0));
#1746=VECTOR('',#1745,1.995069776761E-1);
#1747=CARTESIAN_POINT('',(3.25E0,-2.5E-1,-5.87E0));
#1748=LINE('',#1747,#1746);
#1749=DIRECTION('',(-1.E0,0.E0,0.E0));
#1750=VECTOR('',#1749,5.E-1);
#1751=CARTESIAN_POINT('',(3.25E0,2.5E-1,-6.072E0));
#1752=LINE('',#1751,#1750);
#1753=DIRECTION('',(0.E0,0.E0,-1.E0));
#1754=VECTOR('',#1753,1.995069776761E-1);
#1755=CARTESIAN_POINT('',(2.75E0,-2.5E-1,-5.87E0));
#1756=LINE('',#1755,#1754);
#1757=DIRECTION('',(0.E0,-1.144469388678E-1,-9.934293624530E-1));
#1758=VECTOR('',#1757,1.494645633724E0);
#1759=CARTESIAN_POINT('',(2.75E0,-2.5E-1,-6.069506977676E0));
#1760=LINE('',#1759,#1758);
#1761=CARTESIAN_POINT('',(2.75E0,1.75E-1,-7.623E0));
#1762=DIRECTION('',(1.E0,0.E0,0.E0));
#1763=DIRECTION('',(0.E0,-9.934293624530E-1,1.144469388678E-1));
#1764=AXIS2_PLACEMENT_3D('',#1761,#1762,#1763);
#1766=DIRECTION('',(0.E0,1.633392670104E-1,-9.865699589246E-1));
#1767=VECTOR('',#1766,9.233904916123E-1);
#1768=CARTESIAN_POINT('',(2.75E0,-4.169419753548E-1,-7.721003560206E0));
#1769=LINE('',#1768,#1767);
#1770=CARTESIAN_POINT('',(2.75E0,-1.45E0,-8.828E0));
#1771=DIRECTION('',(-1.E0,0.E0,0.E0));
#1772=DIRECTION('',(0.E0,9.865699589246E-1,1.633392670104E-1));
#1773=AXIS2_PLACEMENT_3D('',#1770,#1771,#1772);
#1775=DIRECTION('',(0.E0,0.E0,-1.E0));
#1776=VECTOR('',#1775,6.42E-1);
#1777=CARTESIAN_POINT('',(2.75E0,-2.5E-1,-8.828E0));
#1778=LINE('',#1777,#1776);
#1779=DIRECTION('',(0.E0,1.E0,0.E0));
#1780=VECTOR('',#1779,5.E-1);
#1781=CARTESIAN_POINT('',(2.75E0,-2.5E-1,-9.47E0));
#1782=LINE('',#1781,#1780);
#1783=DIRECTION('',(0.E0,0.E0,1.E0));
#1784=VECTOR('',#1783,6.647441974345E-1);
#1785=CARTESIAN_POINT('',(2.75E0,2.5E-1,-9.47E0));
#1786=LINE('',#1785,#1784);
#1787=CARTESIAN_POINT('',(2.75E0,-9.5E-1,-8.805255802565E0));
#1788=DIRECTION('',(1.E0,0.E0,0.E0));
#1789=DIRECTION('',(0.E0,1.E0,0.E0));
#1790=AXIS2_PLACEMENT_3D('',#1787,#1788,#1789);
#1792=DIRECTION('',(0.E0,-1.633392670104E-1,9.865699589246E-1));
#1793=VECTOR('',#1792,9.126136234705E-1);
#1794=CARTESIAN_POINT('',(2.75E0,2.338839507095E-1,-8.609248682153E0));
#1795=LINE('',#1794,#1793);
#1796=CARTESIAN_POINT('',(2.75E0,6.787334256608E-1,-7.610561258391E0));
#1797=DIRECTION('',(-1.E0,0.E0,0.E0));
#1798=DIRECTION('',(0.E0,-9.865699589246E-1,-1.633392670104E-1));
#1799=AXIS2_PLACEMENT_3D('',#1796,#1797,#1798);
#1801=DIRECTION('',(0.E0,1.144469388678E-1,9.934293624530E-1));
#1802=VECTOR('',#1801,1.479384701861E0);
#1803=CARTESIAN_POINT('',(2.75E0,8.068894946408E-2,-7.541664201193E0));
#1804=LINE('',#1803,#1802);
#1805=DIRECTION('',(0.E0,0.E0,1.E0));
#1806=VECTOR('',#1805,2.02E-1);
#1807=CARTESIAN_POINT('',(2.75E0,2.5E-1,-6.072E0));
#1808=LINE('',#1807,#1806);
#1809=DIRECTION('',(-1.E0,0.E0,0.E0));
#1810=VECTOR('',#1809,5.E-1);
#1811=CARTESIAN_POINT('',(3.25E0,-2.5E-1,-6.069506977676E0));
#1812=LINE('',#1811,#1810);
#1813=DIRECTION('',(-1.E0,0.E0,1.065814103640E-14));
#1814=VECTOR('',#1813,5.E-1);
#1815=CARTESIAN_POINT('',(3.25E0,-4.210576174718E-1,-7.554331836679E0));
#1816=LINE('',#1815,#1814);
#1817=DIRECTION('',(-1.E0,0.E0,0.E0));
#1818=VECTOR('',#1817,5.E-1);
#1819=CARTESIAN_POINT('',(3.25E0,-4.169419753548E-1,-7.721003560206E0));
#1820=LINE('',#1819,#1818);
#1821=DIRECTION('',(-1.E0,0.E0,0.E0));
#1822=VECTOR('',#1821,5.E-1);
#1823=CARTESIAN_POINT('',(3.25E0,-2.661160492905E-1,-8.631992879588E0));
#1824=LINE('',#1823,#1822);
#1825=DIRECTION('',(-1.E0,0.E0,0.E0));
#1826=VECTOR('',#1825,5.E-1);
#1827=CARTESIAN_POINT('',(3.25E0,-2.5E-1,-8.828E0));
#1828=LINE('',#1827,#1826);
#1829=DIRECTION('',(-1.E0,0.E0,0.E0));
#1830=VECTOR('',#1829,5.E-1);
#1831=CARTESIAN_POINT('',(3.25E0,-2.5E-1,-9.47E0));
#1832=LINE('',#1831,#1830);
#1833=DIRECTION('',(-1.E0,0.E0,0.E0));
#1834=VECTOR('',#1833,5.E-1);
#1835=CARTESIAN_POINT('',(3.25E0,2.5E-1,-9.47E0));
#1836=LINE('',#1835,#1834);
#1837=DIRECTION('',(-1.E0,0.E0,-1.421085471520E-14));
#1838=VECTOR('',#1837,5.E-1);
#1839=CARTESIAN_POINT('',(3.25E0,2.5E-1,-8.805255802565E0));
#1840=LINE('',#1839,#1838);
#1841=DIRECTION('',(-1.E0,0.E0,0.E0));
#1842=VECTOR('',#1841,5.E-1);
#1843=CARTESIAN_POINT('',(3.25E0,2.338839507095E-1,-8.609248682153E0));
#1844=LINE('',#1843,#1842);
#1845=DIRECTION('',(-1.E0,0.E0,0.E0));
#1846=VECTOR('',#1845,5.E-1);
#1847=CARTESIAN_POINT('',(3.25E0,8.481831038818E-2,-7.708891497132E0));
#1848=LINE('',#1847,#1846);
#1849=DIRECTION('',(-1.E0,0.E0,0.E0));
#1850=VECTOR('',#1849,5.E-1);
#1851=CARTESIAN_POINT('',(3.25E0,8.068894946408E-2,-7.541664201193E0));
#1852=LINE('',#1851,#1850);
#1853=DIRECTION('',(0.E0,0.E0,-1.E0));
#1854=VECTOR('',#1853,6.07E0);
#1855=CARTESIAN_POINT('',(-4.5E0,2.93E0,0.E0));
#1856=LINE('',#1855,#1854);
#1857=CARTESIAN_POINT('',(-4.5E0,2.93E0,0.E0));
#1858=CARTESIAN_POINT('',(-5.E0,2.43E0,0.E0));
#1859=VERTEX_POINT('',#1857);
#1860=VERTEX_POINT('',#1858);
#1861=CARTESIAN_POINT('',(-5.E0,-1.27E0,0.E0));
#1862=CARTESIAN_POINT('',(-4.5E0,-1.77E0,0.E0));
#1863=VERTEX_POINT('',#1861);
#1864=VERTEX_POINT('',#1862);
#1865=CARTESIAN_POINT('',(4.5E0,-1.77E0,0.E0));
#1866=CARTESIAN_POINT('',(5.E0,-1.27E0,0.E0));
#1867=VERTEX_POINT('',#1865);
#1868=VERTEX_POINT('',#1866);
#1869=CARTESIAN_POINT('',(5.E0,2.43E0,0.E0));
#1870=CARTESIAN_POINT('',(4.5E0,2.93E0,0.E0));
#1871=VERTEX_POINT('',#1869);
#1872=VERTEX_POINT('',#1870);
#1873=CARTESIAN_POINT('',(-4.5E0,2.93E0,-6.07E0));
#1874=CARTESIAN_POINT('',(-5.E0,2.43E0,-6.07E0));
#1875=VERTEX_POINT('',#1873);
#1876=VERTEX_POINT('',#1874);
#1877=CARTESIAN_POINT('',(5.E0,2.43E0,-6.07E0));
#1878=CARTESIAN_POINT('',(4.5E0,2.93E0,-6.07E0));
#1879=VERTEX_POINT('',#1877);
#1880=VERTEX_POINT('',#1878);
#1881=CARTESIAN_POINT('',(-4.5E0,-1.17E0,-4.3E0));
#1882=CARTESIAN_POINT('',(-4.5E0,5.3E-1,-4.3E0));
#1883=VERTEX_POINT('',#1881);
#1884=VERTEX_POINT('',#1882);
#1885=CARTESIAN_POINT('',(-4.5E0,1.03E0,-5.E0));
#1886=VERTEX_POINT('',#1885);
#1887=CARTESIAN_POINT('',(-4.5E0,2.43E0,-5.E0));
#1888=VERTEX_POINT('',#1887);
#1889=CARTESIAN_POINT('',(-4.5E0,2.43E0,-5.E-1));
#1890=VERTEX_POINT('',#1889);
#1891=CARTESIAN_POINT('',(4.5E0,-1.17E0,-4.3E0));
#1892=CARTESIAN_POINT('',(4.5E0,5.3E-1,-4.3E0));
#1893=VERTEX_POINT('',#1891);
#1894=VERTEX_POINT('',#1892);
#1895=CARTESIAN_POINT('',(4.5E0,1.03E0,-5.E0));
#1896=VERTEX_POINT('',#1895);
#1897=CARTESIAN_POINT('',(4.5E0,2.43E0,-5.E0));
#1898=VERTEX_POINT('',#1897);
#1899=CARTESIAN_POINT('',(4.5E0,2.43E0,-5.E-1));
#1900=VERTEX_POINT('',#1899);
#1901=CARTESIAN_POINT('',(-4.5E0,2.73E0,0.E0));
#1902=CARTESIAN_POINT('',(4.5E0,2.73E0,0.E0));
#1903=VERTEX_POINT('',#1901);
#1904=VERTEX_POINT('',#1902);
#1905=CARTESIAN_POINT('',(-5.E0,-4.7E-1,-2.E0));
#1906=CARTESIAN_POINT('',(-5.E0,6.3E-1,-2.E0));
#1907=VERTEX_POINT('',#1905);
#1908=VERTEX_POINT('',#1906);
#1909=CARTESIAN_POINT('',(5.E0,-4.7E-1,-2.E0));
#1910=CARTESIAN_POINT('',(5.E0,6.3E-1,-2.E0));
#1911=VERTEX_POINT('',#1909);
#1912=VERTEX_POINT('',#1910);
#1913=CARTESIAN_POINT('',(-4.5E0,-4.7E-1,-2.E0));
#1914=CARTESIAN_POINT('',(-4.5E0,6.3E-1,-2.E0));
#1915=VERTEX_POINT('',#1913);
#1916=VERTEX_POINT('',#1914);
#1917=CARTESIAN_POINT('',(4.5E0,-4.7E-1,-2.E0));
#1918=VERTEX_POINT('',#1917);
#1919=CARTESIAN_POINT('',(4.5E0,6.3E-1,-2.E0));
#1920=VERTEX_POINT('',#1919);
#1921=CARTESIAN_POINT('',(2.2E0,-2.27E0,-6.07E0));
#1922=CARTESIAN_POINT('',(2.2E0,2.93E0,-6.07E0));
#1923=VERTEX_POINT('',#1921);
#1924=VERTEX_POINT('',#1922);
#1925=CARTESIAN_POINT('',(3.8E0,-2.27E0,-6.07E0));
#1926=CARTESIAN_POINT('',(3.8E0,2.93E0,-6.07E0));
#1927=VERTEX_POINT('',#1925);
#1928=VERTEX_POINT('',#1926);
#1929=CARTESIAN_POINT('',(2.2E0,2.93E0,-5.87E0));
#1930=VERTEX_POINT('',#1929);
#1931=CARTESIAN_POINT('',(3.8E0,2.93E0,-5.87E0));
#1932=VERTEX_POINT('',#1931);
#1933=CARTESIAN_POINT('',(2.2E0,-2.27E0,-5.87E0));
#1934=VERTEX_POINT('',#1933);
#1935=CARTESIAN_POINT('',(3.8E0,-2.27E0,-5.87E0));
#1936=VERTEX_POINT('',#1935);
#1937=CARTESIAN_POINT('',(-5.E0,-1.77E0,-6.07E0));
#1938=VERTEX_POINT('',#1937);
#1939=CARTESIAN_POINT('',(5.E0,-1.77E0,-6.07E0));
#1940=VERTEX_POINT('',#1939);
#1941=CARTESIAN_POINT('',(-5.E0,-1.77E0,-4.1E0));
#1942=CARTESIAN_POINT('',(-5.E0,-1.27E0,-4.1E0));
#1943=VERTEX_POINT('',#1941);
#1944=VERTEX_POINT('',#1942);
#1945=CARTESIAN_POINT('',(5.E0,-1.77E0,-4.1E0));
#1946=CARTESIAN_POINT('',(5.E0,-1.27E0,-4.1E0));
#1947=VERTEX_POINT('',#1945);
#1948=VERTEX_POINT('',#1946);
#1949=CARTESIAN_POINT('',(-4.5E0,-2.27E0,-4.1E0));
#1950=CARTESIAN_POINT('',(-3.33E0,-2.27E0,-4.1E0));
#1951=VERTEX_POINT('',#1949);
#1952=VERTEX_POINT('',#1950);
#1953=CARTESIAN_POINT('',(3.33E0,-2.27E0,-4.1E0));
#1954=CARTESIAN_POINT('',(4.5E0,-2.27E0,-4.1E0));
#1955=VERTEX_POINT('',#1953);
#1956=VERTEX_POINT('',#1954);
#1957=CARTESIAN_POINT('',(4.5E0,-1.77E0,-4.1E0));
#1958=VERTEX_POINT('',#1957);
#1959=CARTESIAN_POINT('',(4.43E0,-1.77E0,-4.1E0));
#1960=CARTESIAN_POINT('',(4.43E0,-1.77E0,-2.E0));
#1961=VERTEX_POINT('',#1959);
#1962=VERTEX_POINT('',#1960);
#1963=CARTESIAN_POINT('',(3.33E0,-1.77E0,-2.E0));
#1964=VERTEX_POINT('',#1963);
#1965=CARTESIAN_POINT('',(-3.33E0,-1.77E0,-2.E0));
#1966=CARTESIAN_POINT('',(-4.43E0,-1.77E0,-2.E0));
#1967=VERTEX_POINT('',#1965);
#1968=VERTEX_POINT('',#1966);
#1969=CARTESIAN_POINT('',(-4.43E0,-1.77E0,-4.1E0));
#1970=VERTEX_POINT('',#1969);
#1971=CARTESIAN_POINT('',(3.33E0,-1.17E0,-4.1E0));
#1972=CARTESIAN_POINT('',(4.43E0,-1.17E0,-4.1E0));
#1973=VERTEX_POINT('',#1971);
#1974=VERTEX_POINT('',#1972);
#1975=CARTESIAN_POINT('',(4.43E0,-1.17E0,-2.E0));
#1976=VERTEX_POINT('',#1975);
#1977=CARTESIAN_POINT('',(3.33E0,-1.17E0,-2.E0));
#1978=VERTEX_POINT('',#1977);
#1979=CARTESIAN_POINT('',(-3.33E0,-1.17E0,-4.1E0));
#1980=CARTESIAN_POINT('',(-3.33E0,-1.17E0,-2.E0));
#1981=VERTEX_POINT('',#1979);
#1982=VERTEX_POINT('',#1980);
#1983=CARTESIAN_POINT('',(-4.43E0,-1.17E0,-2.E0));
#1984=VERTEX_POINT('',#1983);
#1985=CARTESIAN_POINT('',(-4.43E0,-1.17E0,-4.1E0));
#1986=VERTEX_POINT('',#1985);
#1987=CARTESIAN_POINT('',(-2.E0,-1.77E0,0.E0));
#1988=VERTEX_POINT('',#1987);
#1989=CARTESIAN_POINT('',(2.E0,-1.77E0,0.E0));
#1990=VERTEX_POINT('',#1989);
#1991=CARTESIAN_POINT('',(-2.E0,-1.77E0,-4.3E0));
#1992=CARTESIAN_POINT('',(2.E0,-1.77E0,-4.3E0));
#1993=VERTEX_POINT('',#1991);
#1994=VERTEX_POINT('',#1992);
#1995=CARTESIAN_POINT('',(-2.E0,-1.17E0,-4.3E0));
#1996=VERTEX_POINT('',#1995);
#1997=CARTESIAN_POINT('',(2.E0,-1.17E0,-4.3E0));
#1998=VERTEX_POINT('',#1997);
#1999=CARTESIAN_POINT('',(4.5E0,-2.27E0,-6.07E0));
#2000=VERTEX_POINT('',#1999);
#2001=CARTESIAN_POINT('',(2.E-1,-2.27E0,-6.07E0));
#2002=CARTESIAN_POINT('',(2.E-1,2.93E0,-6.07E0));
#2003=VERTEX_POINT('',#2001);
#2004=VERTEX_POINT('',#2002);
#2005=CARTESIAN_POINT('',(1.8E0,-2.27E0,-6.07E0));
#2006=CARTESIAN_POINT('',(1.8E0,2.93E0,-6.07E0));
#2007=VERTEX_POINT('',#2005);
#2008=VERTEX_POINT('',#2006);
#2009=CARTESIAN_POINT('',(2.E-1,2.93E0,-5.87E0));
#2010=VERTEX_POINT('',#2009);
#2011=CARTESIAN_POINT('',(1.8E0,2.93E0,-5.87E0));
#2012=VERTEX_POINT('',#2011);
#2013=CARTESIAN_POINT('',(2.E-1,-2.27E0,-5.87E0));
#2014=VERTEX_POINT('',#2013);
#2015=CARTESIAN_POINT('',(1.8E0,-2.27E0,-5.87E0));
#2016=VERTEX_POINT('',#2015);
#2017=CARTESIAN_POINT('',(-1.8E0,-2.27E0,-6.07E0));
#2018=CARTESIAN_POINT('',(-1.8E0,2.93E0,-6.07E0));
#2019=VERTEX_POINT('',#2017);
#2020=VERTEX_POINT('',#2018);
#2021=CARTESIAN_POINT('',(-2.E-1,-2.27E0,-6.07E0));
#2022=CARTESIAN_POINT('',(-2.E-1,2.93E0,-6.07E0));
#2023=VERTEX_POINT('',#2021);
#2024=VERTEX_POINT('',#2022);
#2025=CARTESIAN_POINT('',(-1.8E0,2.93E0,-5.87E0));
#2026=VERTEX_POINT('',#2025);
#2027=CARTESIAN_POINT('',(-2.E-1,2.93E0,-5.87E0));
#2028=VERTEX_POINT('',#2027);
#2029=CARTESIAN_POINT('',(-1.8E0,-2.27E0,-5.87E0));
#2030=VERTEX_POINT('',#2029);
#2031=CARTESIAN_POINT('',(-2.E-1,-2.27E0,-5.87E0));
#2032=VERTEX_POINT('',#2031);
#2033=CARTESIAN_POINT('',(-4.5E0,-2.27E0,-6.07E0));
#2034=VERTEX_POINT('',#2033);
#2035=CARTESIAN_POINT('',(-4.5E0,-1.77E0,-4.1E0));
#2036=VERTEX_POINT('',#2035);
#2037=CARTESIAN_POINT('',(1.77E0,2.43E0,-5.E0));
#2038=CARTESIAN_POINT('',(1.77E0,2.18E0,-5.E0));
#2039=VERTEX_POINT('',#2037);
#2040=VERTEX_POINT('',#2038);
#2041=CARTESIAN_POINT('',(2.23E0,2.18E0,-5.E0));
#2042=VERTEX_POINT('',#2041);
#2043=CARTESIAN_POINT('',(2.23E0,2.43E0,-5.E0));
#2044=VERTEX_POINT('',#2043);
#2045=CARTESIAN_POINT('',(1.77E0,2.43E0,-1.2E0));
#2046=CARTESIAN_POINT('',(2.23E0,2.43E0,-1.2E0));
#2047=VERTEX_POINT('',#2045);
#2048=VERTEX_POINT('',#2046);
#2049=CARTESIAN_POINT('',(-2.3E-1,2.43E0,-5.E0));
#2050=CARTESIAN_POINT('',(-2.3E-1,2.18E0,-5.E0));
#2051=VERTEX_POINT('',#2049);
#2052=VERTEX_POINT('',#2050);
#2053=CARTESIAN_POINT('',(2.3E-1,2.18E0,-5.E0));
#2054=VERTEX_POINT('',#2053);
#2055=CARTESIAN_POINT('',(2.3E-1,2.43E0,-5.E0));
#2056=VERTEX_POINT('',#2055);
#2057=CARTESIAN_POINT('',(-2.3E-1,2.43E0,-1.2E0));
#2058=CARTESIAN_POINT('',(2.3E-1,2.43E0,-1.2E0));
#2059=VERTEX_POINT('',#2057);
#2060=VERTEX_POINT('',#2058);
#2061=CARTESIAN_POINT('',(-2.23E0,2.43E0,-5.E0));
#2062=CARTESIAN_POINT('',(-2.23E0,2.18E0,-5.E0));
#2063=VERTEX_POINT('',#2061);
#2064=VERTEX_POINT('',#2062);
#2065=CARTESIAN_POINT('',(-1.77E0,2.18E0,-5.E0));
#2066=VERTEX_POINT('',#2065);
#2067=CARTESIAN_POINT('',(-1.77E0,2.43E0,-5.E0));
#2068=VERTEX_POINT('',#2067);
#2069=CARTESIAN_POINT('',(-2.23E0,2.43E0,-1.2E0));
#2070=CARTESIAN_POINT('',(-1.77E0,2.43E0,-1.2E0));
#2071=VERTEX_POINT('',#2069);
#2072=VERTEX_POINT('',#2070);
#2073=CARTESIAN_POINT('',(2.75E0,2.5E-1,-9.5E-1));
#2074=CARTESIAN_POINT('',(2.75E0,-2.5E-1,-9.5E-1));
#2075=VERTEX_POINT('',#2073);
#2076=VERTEX_POINT('',#2074);
#2077=CARTESIAN_POINT('',(3.25E0,-2.5E-1,-9.5E-1));
#2078=VERTEX_POINT('',#2077);
#2079=CARTESIAN_POINT('',(3.25E0,2.5E-1,-9.5E-1));
#2080=VERTEX_POINT('',#2079);
#2081=CARTESIAN_POINT('',(2.75E0,2.5E-1,-4.3E0));
#2082=CARTESIAN_POINT('',(2.75E0,-2.5E-1,-4.3E0));
#2083=VERTEX_POINT('',#2081);
#2084=VERTEX_POINT('',#2082);
#2085=CARTESIAN_POINT('',(3.25E0,-2.5E-1,-4.3E0));
#2086=VERTEX_POINT('',#2085);
#2087=CARTESIAN_POINT('',(3.25E0,2.5E-1,-4.3E0));
#2088=VERTEX_POINT('',#2087);
#2089=CARTESIAN_POINT('',(-4.5E0,8.3E-1,0.E0));
#2090=CARTESIAN_POINT('',(-4.5E0,6.3E-1,-2.E-1));
#2091=VERTEX_POINT('',#2089);
#2092=VERTEX_POINT('',#2090);
#2093=CARTESIAN_POINT('',(-5.E0,6.3E-1,-2.E-1));
#2094=VERTEX_POINT('',#2093);
#2095=CARTESIAN_POINT('',(-5.E0,8.3E-1,0.E0));
#2096=VERTEX_POINT('',#2095);
#2097=CARTESIAN_POINT('',(-5.E0,-6.7E-1,0.E0));
#2098=CARTESIAN_POINT('',(-5.E0,-4.7E-1,-2.E-1));
#2099=VERTEX_POINT('',#2097);
#2100=VERTEX_POINT('',#2098);
#2101=CARTESIAN_POINT('',(-4.5E0,-4.7E-1,-2.E-1));
#2102=VERTEX_POINT('',#2101);
#2103=CARTESIAN_POINT('',(-4.5E0,-6.7E-1,0.E0));
#2104=VERTEX_POINT('',#2103);
#2105=CARTESIAN_POINT('',(5.E0,8.3E-1,0.E0));
#2106=CARTESIAN_POINT('',(5.E0,6.3E-1,-2.E-1));
#2107=VERTEX_POINT('',#2105);
#2108=VERTEX_POINT('',#2106);
#2109=CARTESIAN_POINT('',(4.5E0,6.3E-1,-2.E-1));
#2110=VERTEX_POINT('',#2109);
#2111=CARTESIAN_POINT('',(4.5E0,8.3E-1,0.E0));
#2112=VERTEX_POINT('',#2111);
#2113=CARTESIAN_POINT('',(5.E0,-4.7E-1,-2.E-1));
#2114=CARTESIAN_POINT('',(4.5E0,-4.7E-1,-2.E-1));
#2115=VERTEX_POINT('',#2113);
#2116=VERTEX_POINT('',#2114);
#2117=CARTESIAN_POINT('',(5.E0,-6.7E-1,0.E0));
#2118=VERTEX_POINT('',#2117);
#2119=CARTESIAN_POINT('',(4.5E0,-6.7E-1,0.E0));
#2120=VERTEX_POINT('',#2119);
#2121=CARTESIAN_POINT('',(-2.E0,-1.37E0,0.E0));
#2122=CARTESIAN_POINT('',(-4.5E0,-1.37E0,0.E0));
#2123=VERTEX_POINT('',#2121);
#2124=VERTEX_POINT('',#2122);
#2125=CARTESIAN_POINT('',(-2.E0,-1.17E0,-2.E-1));
#2126=CARTESIAN_POINT('',(-4.5E0,-1.17E0,-2.E-1));
#2127=VERTEX_POINT('',#2125);
#2128=VERTEX_POINT('',#2126);
#2129=CARTESIAN_POINT('',(4.5E0,-1.17E0,-2.E-1));
#2130=CARTESIAN_POINT('',(2.E0,-1.17E0,-2.E-1));
#2131=VERTEX_POINT('',#2129);
#2132=VERTEX_POINT('',#2130);
#2133=CARTESIAN_POINT('',(4.5E0,-1.37E0,0.E0));
#2134=CARTESIAN_POINT('',(2.E0,-1.37E0,0.E0));
#2135=VERTEX_POINT('',#2133);
#2136=VERTEX_POINT('',#2134);
#2137=CARTESIAN_POINT('',(-3.8E0,-2.27E0,-6.07E0));
#2138=CARTESIAN_POINT('',(-3.8E0,2.93E0,-6.07E0));
#2139=VERTEX_POINT('',#2137);
#2140=VERTEX_POINT('',#2138);
#2141=CARTESIAN_POINT('',(-2.2E0,-2.27E0,-6.07E0));
#2142=CARTESIAN_POINT('',(-2.2E0,2.93E0,-6.07E0));
#2143=VERTEX_POINT('',#2141);
#2144=VERTEX_POINT('',#2142);
#2145=CARTESIAN_POINT('',(-3.8E0,2.93E0,-5.87E0));
#2146=VERTEX_POINT('',#2145);
#2147=CARTESIAN_POINT('',(-2.2E0,2.93E0,-5.87E0));
#2148=VERTEX_POINT('',#2147);
#2149=CARTESIAN_POINT('',(-3.8E0,-2.27E0,-5.87E0));
#2150=VERTEX_POINT('',#2149);
#2151=CARTESIAN_POINT('',(-2.2E0,-2.27E0,-5.87E0));
#2152=VERTEX_POINT('',#2151);
#2153=CARTESIAN_POINT('',(3.25E0,-2.5E-1,-6.069506977676E0));
#2154=CARTESIAN_POINT('',(3.25E0,-4.210576174718E-1,-7.554331836679E0));
#2155=VERTEX_POINT('',#2153);
#2156=VERTEX_POINT('',#2154);
#2157=CARTESIAN_POINT('',(3.25E0,-4.169419753548E-1,-7.721003560206E0));
#2158=VERTEX_POINT('',#2157);
#2159=CARTESIAN_POINT('',(3.25E0,-2.661160492905E-1,-8.631992879588E0));
#2160=VERTEX_POINT('',#2159);
#2161=CARTESIAN_POINT('',(3.25E0,-2.5E-1,-8.828E0));
#2162=VERTEX_POINT('',#2161);
#2163=CARTESIAN_POINT('',(3.25E0,-2.5E-1,-9.47E0));
#2164=VERTEX_POINT('',#2163);
#2165=CARTESIAN_POINT('',(3.25E0,2.5E-1,-9.47E0));
#2166=VERTEX_POINT('',#2165);
#2167=CARTESIAN_POINT('',(3.25E0,2.5E-1,-8.805255802565E0));
#2168=VERTEX_POINT('',#2167);
#2169=CARTESIAN_POINT('',(3.25E0,2.338839507095E-1,-8.609248682153E0));
#2170=VERTEX_POINT('',#2169);
#2171=CARTESIAN_POINT('',(3.25E0,8.481831038818E-2,-7.708891497132E0));
#2172=VERTEX_POINT('',#2171);
#2173=CARTESIAN_POINT('',(3.25E0,8.068894946408E-2,-7.541664201193E0));
#2174=VERTEX_POINT('',#2173);
#2175=CARTESIAN_POINT('',(3.25E0,2.5E-1,-6.072E0));
#2176=VERTEX_POINT('',#2175);
#2177=CARTESIAN_POINT('',(2.75E0,-2.5E-1,-6.069506977676E0));
#2178=CARTESIAN_POINT('',(2.75E0,-4.210576174718E-1,-7.554331836679E0));
#2179=VERTEX_POINT('',#2177);
#2180=VERTEX_POINT('',#2178);
#2181=CARTESIAN_POINT('',(2.75E0,-4.169419753548E-1,-7.721003560206E0));
#2182=VERTEX_POINT('',#2181);
#2183=CARTESIAN_POINT('',(2.75E0,-2.661160492905E-1,-8.631992879588E0));
#2184=VERTEX_POINT('',#2183);
#2185=CARTESIAN_POINT('',(2.75E0,-2.5E-1,-8.828E0));
#2186=VERTEX_POINT('',#2185);
#2187=CARTESIAN_POINT('',(2.75E0,-2.5E-1,-9.47E0));
#2188=VERTEX_POINT('',#2187);
#2189=CARTESIAN_POINT('',(2.75E0,2.5E-1,-9.47E0));
#2190=VERTEX_POINT('',#2189);
#2191=CARTESIAN_POINT('',(2.75E0,2.5E-1,-8.805255802565E0));
#2192=VERTEX_POINT('',#2191);
#2193=CARTESIAN_POINT('',(2.75E0,2.338839507095E-1,-8.609248682153E0));
#2194=VERTEX_POINT('',#2193);
#2195=CARTESIAN_POINT('',(2.75E0,8.481831038817E-2,-7.708891497132E0));
#2196=VERTEX_POINT('',#2195);
#2197=CARTESIAN_POINT('',(2.75E0,8.068894946408E-2,-7.541664201193E0));
#2198=VERTEX_POINT('',#2197);
#2199=CARTESIAN_POINT('',(2.75E0,2.5E-1,-6.072E0));
#2200=VERTEX_POINT('',#2199);
#2201=CARTESIAN_POINT('',(3.25E0,-2.5E-1,-5.87E0));
#2202=CARTESIAN_POINT('',(3.25E0,2.5E-1,-5.87E0));
#2203=VERTEX_POINT('',#2201);
#2204=VERTEX_POINT('',#2202);
#2205=CARTESIAN_POINT('',(2.75E0,2.5E-1,-5.87E0));
#2206=CARTESIAN_POINT('',(2.75E0,-2.5E-1,-5.87E0));
#2207=VERTEX_POINT('',#2205);
#2208=VERTEX_POINT('',#2206);
#2209=CARTESIAN_POINT('',(-2.75E0,-2.5E-1,-6.069506977676E0));
#2210=CARTESIAN_POINT('',(-2.75E0,-4.210576174718E-1,-7.554331836679E0));
#2211=VERTEX_POINT('',#2209);
#2212=VERTEX_POINT('',#2210);
#2213=CARTESIAN_POINT('',(-2.75E0,-4.169419753548E-1,-7.721003560206E0));
#2214=VERTEX_POINT('',#2213);
#2215=CARTESIAN_POINT('',(-2.75E0,-2.661160492905E-1,-8.631992879588E0));
#2216=VERTEX_POINT('',#2215);
#2217=CARTESIAN_POINT('',(-2.75E0,-2.5E-1,-8.828E0));
#2218=VERTEX_POINT('',#2217);
#2219=CARTESIAN_POINT('',(-2.75E0,-2.5E-1,-9.47E0));
#2220=VERTEX_POINT('',#2219);
#2221=CARTESIAN_POINT('',(-2.75E0,2.5E-1,-9.47E0));
#2222=VERTEX_POINT('',#2221);
#2223=CARTESIAN_POINT('',(-2.75E0,2.5E-1,-8.805255802565E0));
#2224=VERTEX_POINT('',#2223);
#2225=CARTESIAN_POINT('',(-2.75E0,2.338839507095E-1,-8.609248682153E0));
#2226=VERTEX_POINT('',#2225);
#2227=CARTESIAN_POINT('',(-2.75E0,8.481831038818E-2,-7.708891497132E0));
#2228=VERTEX_POINT('',#2227);
#2229=CARTESIAN_POINT('',(-2.75E0,8.068894946408E-2,-7.541664201193E0));
#2230=VERTEX_POINT('',#2229);
#2231=CARTESIAN_POINT('',(-2.75E0,2.5E-1,-6.072E0));
#2232=VERTEX_POINT('',#2231);
#2233=CARTESIAN_POINT('',(-3.25E0,-2.5E-1,-6.069506977676E0));
#2234=CARTESIAN_POINT('',(-3.25E0,-4.210576174718E-1,-7.554331836679E0));
#2235=VERTEX_POINT('',#2233);
#2236=VERTEX_POINT('',#2234);
#2237=CARTESIAN_POINT('',(-3.25E0,-4.169419753548E-1,-7.721003560206E0));
#2238=VERTEX_POINT('',#2237);
#2239=CARTESIAN_POINT('',(-3.25E0,-2.661160492905E-1,-8.631992879588E0));
#2240=VERTEX_POINT('',#2239);
#2241=CARTESIAN_POINT('',(-3.25E0,-2.5E-1,-8.828E0));
#2242=VERTEX_POINT('',#2241);
#2243=CARTESIAN_POINT('',(-3.25E0,-2.5E-1,-9.47E0));
#2244=VERTEX_POINT('',#2243);
#2245=CARTESIAN_POINT('',(-3.25E0,2.5E-1,-9.47E0));
#2246=VERTEX_POINT('',#2245);
#2247=CARTESIAN_POINT('',(-3.25E0,2.5E-1,-8.805255802565E0));
#2248=VERTEX_POINT('',#2247);
#2249=CARTESIAN_POINT('',(-3.25E0,2.338839507095E-1,-8.609248682153E0));
#2250=VERTEX_POINT('',#2249);
#2251=CARTESIAN_POINT('',(-3.25E0,8.481831038817E-2,-7.708891497132E0));
#2252=VERTEX_POINT('',#2251);
#2253=CARTESIAN_POINT('',(-3.25E0,8.068894946408E-2,-7.541664201193E0));
#2254=VERTEX_POINT('',#2253);
#2255=CARTESIAN_POINT('',(-3.25E0,2.5E-1,-6.072E0));
#2256=VERTEX_POINT('',#2255);
#2257=CARTESIAN_POINT('',(-2.75E0,-2.5E-1,-5.87E0));
#2258=CARTESIAN_POINT('',(-2.75E0,2.5E-1,-5.87E0));
#2259=VERTEX_POINT('',#2257);
#2260=VERTEX_POINT('',#2258);
#2261=CARTESIAN_POINT('',(-3.25E0,-2.5E-1,-5.87E0));
#2262=VERTEX_POINT('',#2261);
#2263=CARTESIAN_POINT('',(-3.25E0,2.5E-1,-5.87E0));
#2264=VERTEX_POINT('',#2263);
#2265=CARTESIAN_POINT('',(-7.5E-1,-2.5E-1,-5.87E0));
#2266=CARTESIAN_POINT('',(-7.5E-1,2.5E-1,-5.87E0));
#2267=VERTEX_POINT('',#2265);
#2268=VERTEX_POINT('',#2266);
#2269=CARTESIAN_POINT('',(2.E0,-1.77E0,-2.72E0));
#2270=VERTEX_POINT('',#2269);
#2271=CARTESIAN_POINT('',(-2.E0,-1.77E0,-2.72E0));
#2272=VERTEX_POINT('',#2271);
#2273=CARTESIAN_POINT('',(7.5E-1,2.5E-1,-9.5E-1));
#2274=CARTESIAN_POINT('',(7.5E-1,-2.5E-1,-9.5E-1));
#2275=VERTEX_POINT('',#2273);
#2276=VERTEX_POINT('',#2274);
#2277=CARTESIAN_POINT('',(1.25E0,-2.5E-1,-9.5E-1));
#2278=VERTEX_POINT('',#2277);
#2279=CARTESIAN_POINT('',(1.25E0,2.5E-1,-9.5E-1));
#2280=VERTEX_POINT('',#2279);
#2281=CARTESIAN_POINT('',(7.5E-1,2.5E-1,-4.3E0));
#2282=CARTESIAN_POINT('',(7.5E-1,-2.5E-1,-4.3E0));
#2283=VERTEX_POINT('',#2281);
#2284=VERTEX_POINT('',#2282);
#2285=CARTESIAN_POINT('',(1.25E0,-2.5E-1,-4.3E0));
#2286=VERTEX_POINT('',#2285);
#2287=CARTESIAN_POINT('',(1.25E0,2.5E-1,-4.3E0));
#2288=VERTEX_POINT('',#2287);
#2289=CARTESIAN_POINT('',(-1.25E0,2.5E-1,-9.5E-1));
#2290=CARTESIAN_POINT('',(-1.25E0,-2.5E-1,-9.5E-1));
#2291=VERTEX_POINT('',#2289);
#2292=VERTEX_POINT('',#2290);
#2293=CARTESIAN_POINT('',(-7.5E-1,-2.5E-1,-9.5E-1));
#2294=VERTEX_POINT('',#2293);
#2295=CARTESIAN_POINT('',(-7.5E-1,2.5E-1,-9.5E-1));
#2296=VERTEX_POINT('',#2295);
#2297=CARTESIAN_POINT('',(-1.25E0,2.5E-1,-4.3E0));
#2298=CARTESIAN_POINT('',(-1.25E0,-2.5E-1,-4.3E0));
#2299=VERTEX_POINT('',#2297);
#2300=VERTEX_POINT('',#2298);
#2301=CARTESIAN_POINT('',(-7.5E-1,-2.5E-1,-4.3E0));
#2302=VERTEX_POINT('',#2301);
#2303=CARTESIAN_POINT('',(-7.5E-1,2.5E-1,-4.3E0));
#2304=VERTEX_POINT('',#2303);
#2305=CARTESIAN_POINT('',(-3.25E0,2.5E-1,-9.5E-1));
#2306=CARTESIAN_POINT('',(-3.25E0,-2.5E-1,-9.5E-1));
#2307=VERTEX_POINT('',#2305);
#2308=VERTEX_POINT('',#2306);
#2309=CARTESIAN_POINT('',(-2.75E0,-2.5E-1,-9.5E-1));
#2310=VERTEX_POINT('',#2309);
#2311=CARTESIAN_POINT('',(-2.75E0,2.5E-1,-9.5E-1));
#2312=VERTEX_POINT('',#2311);
#2313=CARTESIAN_POINT('',(-3.25E0,2.5E-1,-4.3E0));
#2314=CARTESIAN_POINT('',(-3.25E0,-2.5E-1,-4.3E0));
#2315=VERTEX_POINT('',#2313);
#2316=VERTEX_POINT('',#2314);
#2317=CARTESIAN_POINT('',(-2.75E0,-2.5E-1,-4.3E0));
#2318=VERTEX_POINT('',#2317);
#2319=CARTESIAN_POINT('',(-2.75E0,2.5E-1,-4.3E0));
#2320=VERTEX_POINT('',#2319);
#2321=CARTESIAN_POINT('',(2.01E0,-1.77E0,-2.72E0));
#2322=CARTESIAN_POINT('',(2.01E0,-1.97E0,-2.52E0));
#2323=VERTEX_POINT('',#2321);
#2324=VERTEX_POINT('',#2322);
#2325=CARTESIAN_POINT('',(2.01E0,-2.27E0,-2.52E0));
#2326=VERTEX_POINT('',#2325);
#2327=CARTESIAN_POINT('',(2.01E0,-2.87E0,-3.07E0));
#2328=VERTEX_POINT('',#2327);
#2329=CARTESIAN_POINT('',(2.01E0,-2.87E0,-3.77E0));
#2330=VERTEX_POINT('',#2329);
#2331=CARTESIAN_POINT('',(2.01E0,-2.27E0,-3.717506801884E0));
#2332=VERTEX_POINT('',#2331);
#2333=CARTESIAN_POINT('',(-2.01E0,-1.77E0,-2.72E0));
#2334=CARTESIAN_POINT('',(-2.01E0,-1.97E0,-2.52E0));
#2335=VERTEX_POINT('',#2333);
#2336=VERTEX_POINT('',#2334);
#2337=CARTESIAN_POINT('',(-2.01E0,-2.27E0,-2.52E0));
#2338=VERTEX_POINT('',#2337);
#2339=CARTESIAN_POINT('',(-2.01E0,-2.87E0,-3.07E0));
#2340=VERTEX_POINT('',#2339);
#2341=CARTESIAN_POINT('',(-2.01E0,-2.87E0,-3.77E0));
#2342=VERTEX_POINT('',#2341);
#2343=CARTESIAN_POINT('',(-2.01E0,-2.27E0,-3.717506801884E0));
#2344=VERTEX_POINT('',#2343);
#2345=CARTESIAN_POINT('',(-1.25E0,2.5E-1,-5.87E0));
#2346=CARTESIAN_POINT('',(-1.25E0,-2.5E-1,-5.87E0));
#2347=VERTEX_POINT('',#2345);
#2348=VERTEX_POINT('',#2346);
#2349=CARTESIAN_POINT('',(7.5E-1,2.5E-1,-9.47E0));
#2350=CARTESIAN_POINT('',(1.25E0,2.5E-1,-9.47E0));
#2351=VERTEX_POINT('',#2349);
#2352=VERTEX_POINT('',#2350);
#2353=CARTESIAN_POINT('',(1.25E0,-2.5E-1,-9.47E0));
#2354=VERTEX_POINT('',#2353);
#2355=CARTESIAN_POINT('',(7.5E-1,-2.5E-1,-9.47E0));
#2356=VERTEX_POINT('',#2355);
#2357=CARTESIAN_POINT('',(7.5E-1,2.5E-1,-5.87E0));
#2358=CARTESIAN_POINT('',(1.25E0,2.5E-1,-5.87E0));
#2359=VERTEX_POINT('',#2357);
#2360=VERTEX_POINT('',#2358);
#2361=CARTESIAN_POINT('',(1.25E0,-2.5E-1,-5.87E0));
#2362=VERTEX_POINT('',#2361);
#2363=CARTESIAN_POINT('',(7.5E-1,-2.5E-1,-5.87E0));
#2364=VERTEX_POINT('',#2363);
#2365=CARTESIAN_POINT('',(2.23E0,2.38E0,-1.2E0));
#2366=CARTESIAN_POINT('',(2.23E0,2.18E0,-1.4E0));
#2367=VERTEX_POINT('',#2365);
#2368=VERTEX_POINT('',#2366);
#2369=CARTESIAN_POINT('',(1.77E0,2.18E0,-1.4E0));
#2370=VERTEX_POINT('',#2369);
#2371=CARTESIAN_POINT('',(1.77E0,2.38E0,-1.2E0));
#2372=VERTEX_POINT('',#2371);
#2373=CARTESIAN_POINT('',(2.3E-1,2.38E0,-1.2E0));
#2374=CARTESIAN_POINT('',(2.3E-1,2.18E0,-1.4E0));
#2375=VERTEX_POINT('',#2373);
#2376=VERTEX_POINT('',#2374);
#2377=CARTESIAN_POINT('',(-2.3E-1,2.18E0,-1.4E0));
#2378=VERTEX_POINT('',#2377);
#2379=CARTESIAN_POINT('',(-2.3E-1,2.38E0,-1.2E0));
#2380=VERTEX_POINT('',#2379);
#2381=CARTESIAN_POINT('',(-1.77E0,2.38E0,-1.2E0));
#2382=CARTESIAN_POINT('',(-1.77E0,2.18E0,-1.4E0));
#2383=VERTEX_POINT('',#2381);
#2384=VERTEX_POINT('',#2382);
#2385=CARTESIAN_POINT('',(-2.23E0,2.18E0,-1.4E0));
#2386=VERTEX_POINT('',#2385);
#2387=CARTESIAN_POINT('',(-2.23E0,2.38E0,-1.2E0));
#2388=VERTEX_POINT('',#2387);
#2389=CARTESIAN_POINT('',(-7.5E-1,-2.5E-1,-6.072E0));
#2390=CARTESIAN_POINT('',(-7.5E-1,-8.068894946408E-2,-7.541664201193E0));
#2391=VERTEX_POINT('',#2389);
#2392=VERTEX_POINT('',#2390);
#2393=CARTESIAN_POINT('',(-7.5E-1,-8.481831038818E-2,-7.708891497132E0));
#2394=VERTEX_POINT('',#2393);
#2395=CARTESIAN_POINT('',(-7.5E-1,-2.338839507095E-1,-8.609248682153E0));
#2396=VERTEX_POINT('',#2395);
#2397=CARTESIAN_POINT('',(-7.5E-1,-2.5E-1,-8.805255802565E0));
#2398=VERTEX_POINT('',#2397);
#2399=CARTESIAN_POINT('',(-7.5E-1,-2.5E-1,-9.47E0));
#2400=VERTEX_POINT('',#2399);
#2401=CARTESIAN_POINT('',(-7.5E-1,2.5E-1,-9.47E0));
#2402=VERTEX_POINT('',#2401);
#2403=CARTESIAN_POINT('',(-7.5E-1,2.5E-1,-8.828E0));
#2404=VERTEX_POINT('',#2403);
#2405=CARTESIAN_POINT('',(-7.5E-1,2.661160492905E-1,-8.631992879588E0));
#2406=VERTEX_POINT('',#2405);
#2407=CARTESIAN_POINT('',(-7.5E-1,4.169419753548E-1,-7.721003560206E0));
#2408=VERTEX_POINT('',#2407);
#2409=CARTESIAN_POINT('',(-7.5E-1,4.210576174718E-1,-7.554331836679E0));
#2410=VERTEX_POINT('',#2409);
#2411=CARTESIAN_POINT('',(-7.5E-1,2.5E-1,-6.069506977676E0));
#2412=VERTEX_POINT('',#2411);
#2413=CARTESIAN_POINT('',(-1.25E0,-2.5E-1,-6.072E0));
#2414=CARTESIAN_POINT('',(-1.25E0,-8.068894946408E-2,-7.541664201193E0));
#2415=VERTEX_POINT('',#2413);
#2416=VERTEX_POINT('',#2414);
#2417=CARTESIAN_POINT('',(-1.25E0,-8.481831038817E-2,-7.708891497132E0));
#2418=VERTEX_POINT('',#2417);
#2419=CARTESIAN_POINT('',(-1.25E0,-2.338839507095E-1,-8.609248682153E0));
#2420=VERTEX_POINT('',#2419);
#2421=CARTESIAN_POINT('',(-1.25E0,-2.5E-1,-8.805255802565E0));
#2422=VERTEX_POINT('',#2421);
#2423=CARTESIAN_POINT('',(-1.25E0,-2.5E-1,-9.47E0));
#2424=VERTEX_POINT('',#2423);
#2425=CARTESIAN_POINT('',(-1.25E0,2.5E-1,-9.47E0));
#2426=VERTEX_POINT('',#2425);
#2427=CARTESIAN_POINT('',(-1.25E0,2.5E-1,-8.828E0));
#2428=VERTEX_POINT('',#2427);
#2429=CARTESIAN_POINT('',(-1.25E0,2.661160492905E-1,-8.631992879588E0));
#2430=VERTEX_POINT('',#2429);
#2431=CARTESIAN_POINT('',(-1.25E0,4.169419753548E-1,-7.721003560206E0));
#2432=VERTEX_POINT('',#2431);
#2433=CARTESIAN_POINT('',(-1.25E0,4.210576174718E-1,-7.554331836679E0));
#2434=VERTEX_POINT('',#2433);
#2435=CARTESIAN_POINT('',(-1.25E0,2.5E-1,-6.069506977676E0));
#2436=VERTEX_POINT('',#2435);
#2437=CARTESIAN_POINT('',(2.01E0,-2.27E0,-3.07E0));
#2438=CARTESIAN_POINT('',(2.01E0,-1.77E0,-3.07E0));
#2439=VERTEX_POINT('',#2437);
#2440=VERTEX_POINT('',#2438);
#2441=CARTESIAN_POINT('',(3.33E0,-2.27E0,-3.07E0));
#2442=CARTESIAN_POINT('',(3.33E0,-1.77E0,-3.07E0));
#2443=VERTEX_POINT('',#2441);
#2444=VERTEX_POINT('',#2442);
#2445=CARTESIAN_POINT('',(-2.01E0,-2.27E0,-3.07E0));
#2446=CARTESIAN_POINT('',(-2.01E0,-1.77E0,-3.07E0));
#2447=VERTEX_POINT('',#2445);
#2448=VERTEX_POINT('',#2446);
#2449=CARTESIAN_POINT('',(-3.33E0,-2.27E0,-3.07E0));
#2450=CARTESIAN_POINT('',(-3.33E0,-1.77E0,-3.07E0));
#2451=VERTEX_POINT('',#2449);
#2452=VERTEX_POINT('',#2450);
#2453=CARTESIAN_POINT('',(0.E0,0.E0,0.E0));
#2454=DIRECTION('',(0.E0,0.E0,1.E0));
#2455=DIRECTION('',(1.E0,0.E0,0.E0));
#2456=AXIS2_PLACEMENT_3D('',#2453,#2454,#2455);
#2457=PLANE('',#2456);
#2459=ORIENTED_EDGE('',*,*,#2458,.F.);
#2461=ORIENTED_EDGE('',*,*,#2460,.F.);
#2463=ORIENTED_EDGE('',*,*,#2462,.F.);
#2465=ORIENTED_EDGE('',*,*,#2464,.F.);
#2467=ORIENTED_EDGE('',*,*,#2466,.F.);
#2469=ORIENTED_EDGE('',*,*,#2468,.F.);
#2471=ORIENTED_EDGE('',*,*,#2470,.F.);
#2473=ORIENTED_EDGE('',*,*,#2472,.T.);
#2475=ORIENTED_EDGE('',*,*,#2474,.F.);
#2477=ORIENTED_EDGE('',*,*,#2476,.F.);
#2478=EDGE_LOOP('',(#2459,#2461,#2463,#2465,#2467,#2469,#2471,#2473,#2475,
#2477));
#2479=FACE_OUTER_BOUND('',#2478,.F.);
#2481=CARTESIAN_POINT('',(0.E0,0.E0,0.E0));
#2482=DIRECTION('',(0.E0,0.E0,1.E0));
#2483=DIRECTION('',(1.E0,0.E0,0.E0));
#2484=AXIS2_PLACEMENT_3D('',#2481,#2482,#2483);
#2485=PLANE('',#2484);
#2487=ORIENTED_EDGE('',*,*,#2486,.F.);
#2489=ORIENTED_EDGE('',*,*,#2488,.F.);
#2491=ORIENTED_EDGE('',*,*,#2490,.F.);
#2493=ORIENTED_EDGE('',*,*,#2492,.F.);
#2495=ORIENTED_EDGE('',*,*,#2494,.F.);
#2497=ORIENTED_EDGE('',*,*,#2496,.F.);
#2499=ORIENTED_EDGE('',*,*,#2498,.F.);
#2500=EDGE_LOOP('',(#2487,#2489,#2491,#2493,#2495,#2497,#2499));
#2501=FACE_OUTER_BOUND('',#2500,.F.);
#2503=CARTESIAN_POINT('',(0.E0,0.E0,0.E0));
#2504=DIRECTION('',(0.E0,0.E0,1.E0));
#2505=DIRECTION('',(1.E0,0.E0,0.E0));
#2506=AXIS2_PLACEMENT_3D('',#2503,#2504,#2505);
#2507=PLANE('',#2506);
#2509=ORIENTED_EDGE('',*,*,#2508,.F.);
#2511=ORIENTED_EDGE('',*,*,#2510,.F.);
#2513=ORIENTED_EDGE('',*,*,#2512,.F.);
#2515=ORIENTED_EDGE('',*,*,#2514,.F.);
#2517=ORIENTED_EDGE('',*,*,#2516,.T.);
#2519=ORIENTED_EDGE('',*,*,#2518,.F.);
#2521=ORIENTED_EDGE('',*,*,#2520,.F.);
#2522=EDGE_LOOP('',(#2509,#2511,#2513,#2515,#2517,#2519,#2521));
#2523=FACE_OUTER_BOUND('',#2522,.F.);
#2525=CARTESIAN_POINT('',(-5.001454751259E0,8.3E-1,-2.E-1));
#2526=DIRECTION('',(1.E0,0.E0,0.E0));
#2527=DIRECTION('',(0.E0,0.E0,1.E0));
#2528=AXIS2_PLACEMENT_3D('',#2525,#2526,#2527);
#2529=CYLINDRICAL_SURFACE('',#2528,2.E-1);
#2531=ORIENTED_EDGE('',*,*,#2530,.T.);
#2533=ORIENTED_EDGE('',*,*,#2532,.F.);
#2535=ORIENTED_EDGE('',*,*,#2534,.T.);
#2536=ORIENTED_EDGE('',*,*,#2458,.T.);
#2537=EDGE_LOOP('',(#2531,#2533,#2535,#2536));
#2538=FACE_OUTER_BOUND('',#2537,.F.);
#2540=CARTESIAN_POINT('',(-4.5E0,2.93E0,0.E0));
#2541=DIRECTION('',(1.E0,0.E0,0.E0));
#2542=DIRECTION('',(0.E0,0.E0,-1.E0));
#2543=AXIS2_PLACEMENT_3D('',#2540,#2541,#2542);
#2544=PLANE('',#2543);
#2545=ORIENTED_EDGE('',*,*,#2530,.F.);
#2546=ORIENTED_EDGE('',*,*,#2476,.T.);
#2548=ORIENTED_EDGE('',*,*,#2547,.F.);
#2550=ORIENTED_EDGE('',*,*,#2549,.F.);
#2552=ORIENTED_EDGE('',*,*,#2551,.F.);
#2554=ORIENTED_EDGE('',*,*,#2553,.F.);
#2556=ORIENTED_EDGE('',*,*,#2555,.F.);
#2558=ORIENTED_EDGE('',*,*,#2557,.F.);
#2560=ORIENTED_EDGE('',*,*,#2559,.F.);
#2561=ORIENTED_EDGE('',*,*,#2488,.T.);
#2563=ORIENTED_EDGE('',*,*,#2562,.F.);
#2565=ORIENTED_EDGE('',*,*,#2564,.T.);
#2567=ORIENTED_EDGE('',*,*,#2566,.T.);
#2569=ORIENTED_EDGE('',*,*,#2568,.F.);
#2570=EDGE_LOOP('',(#2545,#2546,#2548,#2550,#2552,#2554,#2556,#2558,#2560,#2561,
#2563,#2565,#2567,#2569));
#2571=FACE_OUTER_BOUND('',#2570,.F.);
#2573=CARTESIAN_POINT('',(-4.5E0,2.43E0,-5.E-1));
#2574=DIRECTION('',(0.E0,8.574929257125E-1,-5.144957554275E-1));
#2575=DIRECTION('',(0.E0,5.144957554275E-1,8.574929257125E-1));
#2576=AXIS2_PLACEMENT_3D('',#2573,#2574,#2575);
#2577=PLANE('',#2576);
#2578=ORIENTED_EDGE('',*,*,#2474,.T.);
#2580=ORIENTED_EDGE('',*,*,#2579,.F.);
#2582=ORIENTED_EDGE('',*,*,#2581,.F.);
#2583=ORIENTED_EDGE('',*,*,#2547,.T.);
#2584=EDGE_LOOP('',(#2578,#2580,#2582,#2583));
#2585=FACE_OUTER_BOUND('',#2584,.F.);
#2587=CARTESIAN_POINT('',(4.5E0,-1.27E0,0.E0));
#2588=DIRECTION('',(1.E0,0.E0,0.E0));
#2589=DIRECTION('',(0.E0,1.E0,0.E0));
#2590=AXIS2_PLACEMENT_3D('',#2587,#2588,#2589);
#2591=PLANE('',#2590);
#2593=ORIENTED_EDGE('',*,*,#2592,.F.);
#2594=ORIENTED_EDGE('',*,*,#2520,.T.);
#2596=ORIENTED_EDGE('',*,*,#2595,.F.);
#2598=ORIENTED_EDGE('',*,*,#2597,.T.);
#2600=ORIENTED_EDGE('',*,*,#2599,.T.);
#2602=ORIENTED_EDGE('',*,*,#2601,.T.);
#2604=ORIENTED_EDGE('',*,*,#2603,.T.);
#2606=ORIENTED_EDGE('',*,*,#2605,.T.);
#2607=ORIENTED_EDGE('',*,*,#2579,.T.);
#2608=ORIENTED_EDGE('',*,*,#2472,.F.);
#2610=ORIENTED_EDGE('',*,*,#2609,.F.);
#2612=ORIENTED_EDGE('',*,*,#2611,.T.);
#2614=ORIENTED_EDGE('',*,*,#2613,.F.);
#2616=ORIENTED_EDGE('',*,*,#2615,.F.);
#2617=EDGE_LOOP('',(#2593,#2594,#2596,#2598,#2600,#2602,#2604,#2606,#2607,#2608,
#2610,#2612,#2614,#2616));
#2618=FACE_OUTER_BOUND('',#2617,.F.);
#2620=CARTESIAN_POINT('',(5.001608686973E0,-6.7E-1,-2.E-1));
#2621=DIRECTION('',(-1.E0,0.E0,0.E0));
#2622=DIRECTION('',(0.E0,0.E0,1.E0));
#2623=AXIS2_PLACEMENT_3D('',#2620,#2621,#2622);
#2624=CYLINDRICAL_SURFACE('',#2623,2.E-1);
#2626=ORIENTED_EDGE('',*,*,#2625,.F.);
#2628=ORIENTED_EDGE('',*,*,#2627,.T.);
#2629=ORIENTED_EDGE('',*,*,#2508,.T.);
#2630=ORIENTED_EDGE('',*,*,#2592,.T.);
#2631=EDGE_LOOP('',(#2626,#2628,#2629,#2630));
#2632=FACE_OUTER_BOUND('',#2631,.F.);
#2634=CARTESIAN_POINT('',(-6.E0,-4.7E-1,0.E0));
#2635=DIRECTION('',(0.E0,-1.E0,0.E0));
#2636=DIRECTION('',(0.E0,0.E0,-1.E0));
#2637=AXIS2_PLACEMENT_3D('',#2634,#2635,#2636);
#2638=PLANE('',#2637);
#2640=ORIENTED_EDGE('',*,*,#2639,.T.);
#2642=ORIENTED_EDGE('',*,*,#2641,.T.);
#2644=ORIENTED_EDGE('',*,*,#2643,.T.);
#2645=ORIENTED_EDGE('',*,*,#2564,.F.);
#2646=EDGE_LOOP('',(#2640,#2642,#2644,#2645));
#2647=FACE_OUTER_BOUND('',#2646,.F.);
#2649=CARTESIAN_POINT('',(-6.E0,-4.7E-1,0.E0));
#2650=DIRECTION('',(0.E0,-1.E0,0.E0));
#2651=DIRECTION('',(0.E0,0.E0,-1.E0));
#2652=AXIS2_PLACEMENT_3D('',#2649,#2650,#2651);
#2653=PLANE('',#2652);
#2654=ORIENTED_EDGE('',*,*,#2625,.T.);
#2655=ORIENTED_EDGE('',*,*,#2615,.T.);
#2657=ORIENTED_EDGE('',*,*,#2656,.T.);
#2659=ORIENTED_EDGE('',*,*,#2658,.F.);
#2660=EDGE_LOOP('',(#2654,#2655,#2657,#2659));
#2661=FACE_OUTER_BOUND('',#2660,.F.);
#2663=CARTESIAN_POINT('',(5.001608686973E0,-6.7E-1,-2.E-1));
#2664=DIRECTION('',(-1.E0,0.E0,0.E0));
#2665=DIRECTION('',(0.E0,0.E0,1.E0));
#2666=AXIS2_PLACEMENT_3D('',#2663,#2664,#2665);
#2667=CYLINDRICAL_SURFACE('',#2666,2.E-1);
#2669=ORIENTED_EDGE('',*,*,#2668,.T.);
#2670=ORIENTED_EDGE('',*,*,#2639,.F.);
#2671=ORIENTED_EDGE('',*,*,#2562,.T.);
#2672=ORIENTED_EDGE('',*,*,#2486,.T.);
#2673=EDGE_LOOP('',(#2669,#2670,#2671,#2672));
#2674=FACE_OUTER_BOUND('',#2673,.F.);
#2676=CARTESIAN_POINT('',(-5.E0,2.43E0,0.E0));
#2677=DIRECTION('',(-1.E0,0.E0,0.E0));
#2678=DIRECTION('',(0.E0,-1.E0,0.E0));
#2679=AXIS2_PLACEMENT_3D('',#2676,#2677,#2678);
#2680=PLANE('',#2679);
#2681=ORIENTED_EDGE('',*,*,#2534,.F.);
#2683=ORIENTED_EDGE('',*,*,#2682,.T.);
#2685=ORIENTED_EDGE('',*,*,#2684,.F.);
#2686=ORIENTED_EDGE('',*,*,#2641,.F.);
#2687=ORIENTED_EDGE('',*,*,#2668,.F.);
#2688=ORIENTED_EDGE('',*,*,#2498,.T.);
#2690=ORIENTED_EDGE('',*,*,#2689,.F.);
#2692=ORIENTED_EDGE('',*,*,#2691,.F.);
#2694=ORIENTED_EDGE('',*,*,#2693,.T.);
#2696=ORIENTED_EDGE('',*,*,#2695,.F.);
#2698=ORIENTED_EDGE('',*,*,#2697,.F.);
#2699=ORIENTED_EDGE('',*,*,#2460,.T.);
#2700=EDGE_LOOP('',(#2681,#2683,#2685,#2686,#2687,#2688,#2690,#2692,#2694,#2696,
#2698,#2699));
#2701=FACE_OUTER_BOUND('',#2700,.F.);
#2703=CARTESIAN_POINT('',(-6.E0,6.3E-1,-2.E0));
#2704=DIRECTION('',(0.E0,1.E0,0.E0));
#2705=DIRECTION('',(0.E0,0.E0,1.E0));
#2706=AXIS2_PLACEMENT_3D('',#2703,#2704,#2705);
#2707=PLANE('',#2706);
#2708=ORIENTED_EDGE('',*,*,#2532,.T.);
#2709=ORIENTED_EDGE('',*,*,#2568,.T.);
#2711=ORIENTED_EDGE('',*,*,#2710,.F.);
#2712=ORIENTED_EDGE('',*,*,#2682,.F.);
#2713=EDGE_LOOP('',(#2708,#2709,#2711,#2712));
#2714=FACE_OUTER_BOUND('',#2713,.F.);
#2716=CARTESIAN_POINT('',(-6.E0,6.3E-1,-2.E0));
#2717=DIRECTION('',(0.E0,1.E0,0.E0));
#2718=DIRECTION('',(0.E0,0.E0,1.E0));
#2719=AXIS2_PLACEMENT_3D('',#2716,#2717,#2718);
#2720=PLANE('',#2719);
#2722=ORIENTED_EDGE('',*,*,#2721,.T.);
#2724=ORIENTED_EDGE('',*,*,#2723,.T.);
#2726=ORIENTED_EDGE('',*,*,#2725,.F.);
#2727=ORIENTED_EDGE('',*,*,#2611,.F.);
#2728=EDGE_LOOP('',(#2722,#2724,#2726,#2727));
#2729=FACE_OUTER_BOUND('',#2728,.F.);
#2731=CARTESIAN_POINT('',(-6.E0,-4.7E-1,-2.E0));
#2732=DIRECTION('',(0.E0,0.E0,-1.E0));
#2733=DIRECTION('',(0.E0,1.E0,0.E0));
#2734=AXIS2_PLACEMENT_3D('',#2731,#2732,#2733);
#2735=PLANE('',#2734);
#2736=ORIENTED_EDGE('',*,*,#2684,.T.);
#2737=ORIENTED_EDGE('',*,*,#2710,.T.);
#2738=ORIENTED_EDGE('',*,*,#2566,.F.);
#2739=ORIENTED_EDGE('',*,*,#2643,.F.);
#2740=EDGE_LOOP('',(#2736,#2737,#2738,#2739));
#2741=FACE_OUTER_BOUND('',#2740,.F.);
#2743=CARTESIAN_POINT('',(-6.E0,-4.7E-1,-2.E0));
#2744=DIRECTION('',(0.E0,0.E0,-1.E0));
#2745=DIRECTION('',(0.E0,1.E0,0.E0));
#2746=AXIS2_PLACEMENT_3D('',#2743,#2744,#2745);
#2747=PLANE('',#2746);
#2749=ORIENTED_EDGE('',*,*,#2748,.F.);
#2750=ORIENTED_EDGE('',*,*,#2656,.F.);
#2751=ORIENTED_EDGE('',*,*,#2613,.T.);
#2752=ORIENTED_EDGE('',*,*,#2725,.T.);
#2753=EDGE_LOOP('',(#2749,#2750,#2751,#2752));
#2754=FACE_OUTER_BOUND('',#2753,.F.);
#2756=CARTESIAN_POINT('',(5.E0,-1.27E0,0.E0));
#2757=DIRECTION('',(1.E0,0.E0,0.E0));
#2758=DIRECTION('',(0.E0,1.E0,0.E0));
#2759=AXIS2_PLACEMENT_3D('',#2756,#2757,#2758);
#2760=PLANE('',#2759);
#2762=ORIENTED_EDGE('',*,*,#2761,.F.);
#2763=ORIENTED_EDGE('',*,*,#2468,.T.);
#2765=ORIENTED_EDGE('',*,*,#2764,.T.);
#2767=ORIENTED_EDGE('',*,*,#2766,.F.);
#2769=ORIENTED_EDGE('',*,*,#2768,.F.);
#2771=ORIENTED_EDGE('',*,*,#2770,.T.);
#2773=ORIENTED_EDGE('',*,*,#2772,.F.);
#2774=ORIENTED_EDGE('',*,*,#2510,.T.);
#2775=ORIENTED_EDGE('',*,*,#2627,.F.);
#2776=ORIENTED_EDGE('',*,*,#2658,.T.);
#2777=ORIENTED_EDGE('',*,*,#2748,.T.);
#2778=ORIENTED_EDGE('',*,*,#2723,.F.);
#2779=EDGE_LOOP('',(#2762,#2763,#2765,#2767,#2769,#2771,#2773,#2774,#2775,#2776,
#2777,#2778));
#2780=FACE_OUTER_BOUND('',#2779,.F.);
#2782=CARTESIAN_POINT('',(-5.001454751259E0,8.3E-1,-2.E-1));
#2783=DIRECTION('',(1.E0,0.E0,0.E0));
#2784=DIRECTION('',(0.E0,0.E0,1.E0));
#2785=AXIS2_PLACEMENT_3D('',#2782,#2783,#2784);
#2786=CYLINDRICAL_SURFACE('',#2785,2.E-1);
#2787=ORIENTED_EDGE('',*,*,#2761,.T.);
#2788=ORIENTED_EDGE('',*,*,#2721,.F.);
#2789=ORIENTED_EDGE('',*,*,#2609,.T.);
#2790=ORIENTED_EDGE('',*,*,#2470,.T.);
#2791=EDGE_LOOP('',(#2787,#2788,#2789,#2790));
#2792=FACE_OUTER_BOUND('',#2791,.F.);
#2794=CARTESIAN_POINT('',(4.5E0,2.43E0,0.E0));
#2795=DIRECTION('',(0.E0,0.E0,1.E0));
#2796=DIRECTION('',(1.E0,0.E0,0.E0));
#2797=AXIS2_PLACEMENT_3D('',#2794,#2795,#2796);
#2798=CYLINDRICAL_SURFACE('',#2797,5.E-1);
#2799=ORIENTED_EDGE('',*,*,#2466,.T.);
#2801=ORIENTED_EDGE('',*,*,#2800,.T.);
#2803=ORIENTED_EDGE('',*,*,#2802,.F.);
#2804=ORIENTED_EDGE('',*,*,#2764,.F.);
#2805=EDGE_LOOP('',(#2799,#2801,#2803,#2804));
#2806=FACE_OUTER_BOUND('',#2805,.F.);
#2808=CARTESIAN_POINT('',(4.5E0,2.93E0,0.E0));
#2809=DIRECTION('',(0.E0,1.E0,0.E0));
#2810=DIRECTION('',(-1.E0,0.E0,0.E0));
#2811=AXIS2_PLACEMENT_3D('',#2808,#2809,#2810);
#2812=PLANE('',#2811);
#2814=ORIENTED_EDGE('',*,*,#2813,.T.);
#2816=ORIENTED_EDGE('',*,*,#2815,.T.);
#2818=ORIENTED_EDGE('',*,*,#2817,.F.);
#2820=ORIENTED_EDGE('',*,*,#2819,.F.);
#2822=ORIENTED_EDGE('',*,*,#2821,.T.);
#2824=ORIENTED_EDGE('',*,*,#2823,.T.);
#2826=ORIENTED_EDGE('',*,*,#2825,.F.);
#2828=ORIENTED_EDGE('',*,*,#2827,.F.);
#2830=ORIENTED_EDGE('',*,*,#2829,.T.);
#2832=ORIENTED_EDGE('',*,*,#2831,.T.);
#2834=ORIENTED_EDGE('',*,*,#2833,.F.);
#2836=ORIENTED_EDGE('',*,*,#2835,.F.);
#2838=ORIENTED_EDGE('',*,*,#2837,.T.);
#2840=ORIENTED_EDGE('',*,*,#2839,.T.);
#2842=ORIENTED_EDGE('',*,*,#2841,.F.);
#2844=ORIENTED_EDGE('',*,*,#2843,.F.);
#2845=ORIENTED_EDGE('',*,*,#2800,.F.);
#2846=ORIENTED_EDGE('',*,*,#2464,.T.);
#2848=ORIENTED_EDGE('',*,*,#2847,.T.);
#2850=ORIENTED_EDGE('',*,*,#2849,.F.);
#2851=EDGE_LOOP('',(#2814,#2816,#2818,#2820,#2822,#2824,#2826,#2828,#2830,#2832,
#2834,#2836,#2838,#2840,#2842,#2844,#2845,#2846,#2848,#2850));
#2852=FACE_OUTER_BOUND('',#2851,.F.);
#2854=CARTESIAN_POINT('',(-3.8E0,2.93E0,-6.07E0));
#2855=DIRECTION('',(-1.E0,0.E0,0.E0));
#2856=DIRECTION('',(0.E0,0.E0,1.E0));
#2857=AXIS2_PLACEMENT_3D('',#2854,#2855,#2856);
#2858=PLANE('',#2857);
#2860=ORIENTED_EDGE('',*,*,#2859,.F.);
#2862=ORIENTED_EDGE('',*,*,#2861,.T.);
#2864=ORIENTED_EDGE('',*,*,#2863,.F.);
#2865=ORIENTED_EDGE('',*,*,#2813,.F.);
#2866=EDGE_LOOP('',(#2860,#2862,#2864,#2865));
#2867=FACE_OUTER_BOUND('',#2866,.F.);
#2869=CARTESIAN_POINT('',(0.E0,0.E0,-6.07E0));
#2870=DIRECTION('',(0.E0,0.E0,1.E0));
#2871=DIRECTION('',(1.E0,0.E0,0.E0));
#2872=AXIS2_PLACEMENT_3D('',#2869,#2870,#2871);
#2873=PLANE('',#2872);
#2875=ORIENTED_EDGE('',*,*,#2874,.F.);
#2877=ORIENTED_EDGE('',*,*,#2876,.T.);
#2879=ORIENTED_EDGE('',*,*,#2878,.T.);
#2880=ORIENTED_EDGE('',*,*,#2766,.T.);
#2881=ORIENTED_EDGE('',*,*,#2802,.T.);
#2882=ORIENTED_EDGE('',*,*,#2843,.T.);
#2883=EDGE_LOOP('',(#2875,#2877,#2879,#2880,#2881,#2882));
#2884=FACE_OUTER_BOUND('',#2883,.F.);
#2886=CARTESIAN_POINT('',(0.E0,0.E0,-6.07E0));
#2887=DIRECTION('',(0.E0,0.E0,1.E0));
#2888=DIRECTION('',(1.E0,0.E0,0.E0));
#2889=AXIS2_PLACEMENT_3D('',#2886,#2887,#2888);
#2890=PLANE('',#2889);
#2892=ORIENTED_EDGE('',*,*,#2891,.F.);
#2894=ORIENTED_EDGE('',*,*,#2893,.T.);
#2896=ORIENTED_EDGE('',*,*,#2895,.T.);
#2897=ORIENTED_EDGE('',*,*,#2835,.T.);
#2898=EDGE_LOOP('',(#2892,#2894,#2896,#2897));
#2899=FACE_OUTER_BOUND('',#2898,.F.);
#2901=CARTESIAN_POINT('',(0.E0,0.E0,-6.07E0));
#2902=DIRECTION('',(0.E0,0.E0,1.E0));
#2903=DIRECTION('',(1.E0,0.E0,0.E0));
#2904=AXIS2_PLACEMENT_3D('',#2901,#2902,#2903);
#2905=PLANE('',#2904);
#2907=ORIENTED_EDGE('',*,*,#2906,.F.);
#2909=ORIENTED_EDGE('',*,*,#2908,.T.);
#2911=ORIENTED_EDGE('',*,*,#2910,.T.);
#2912=ORIENTED_EDGE('',*,*,#2827,.T.);
#2913=EDGE_LOOP('',(#2907,#2909,#2911,#2912));
#2914=FACE_OUTER_BOUND('',#2913,.F.);
#2916=CARTESIAN_POINT('',(0.E0,0.E0,-6.07E0));
#2917=DIRECTION('',(0.E0,0.E0,1.E0));
#2918=DIRECTION('',(1.E0,0.E0,0.E0));
#2919=AXIS2_PLACEMENT_3D('',#2916,#2917,#2918);
#2920=PLANE('',#2919);
#2921=ORIENTED_EDGE('',*,*,#2859,.T.);
#2922=ORIENTED_EDGE('',*,*,#2849,.T.);
#2924=ORIENTED_EDGE('',*,*,#2923,.T.);
#2925=ORIENTED_EDGE('',*,*,#2695,.T.);
#2927=ORIENTED_EDGE('',*,*,#2926,.T.);
#2929=ORIENTED_EDGE('',*,*,#2928,.T.);
#2930=EDGE_LOOP('',(#2921,#2922,#2924,#2925,#2927,#2929));
#2931=FACE_OUTER_BOUND('',#2930,.F.);
#2933=CARTESIAN_POINT('',(0.E0,0.E0,-6.07E0));
#2934=DIRECTION('',(0.E0,0.E0,1.E0));
#2935=DIRECTION('',(1.E0,0.E0,0.E0));
#2936=AXIS2_PLACEMENT_3D('',#2933,#2934,#2935);
#2937=PLANE('',#2936);
#2939=ORIENTED_EDGE('',*,*,#2938,.F.);
#2941=ORIENTED_EDGE('',*,*,#2940,.T.);
#2943=ORIENTED_EDGE('',*,*,#2942,.T.);
#2944=ORIENTED_EDGE('',*,*,#2819,.T.);
#2945=EDGE_LOOP('',(#2939,#2941,#2943,#2944));
#2946=FACE_OUTER_BOUND('',#2945,.F.);
#2948=CARTESIAN_POINT('',(3.8E0,2.93E0,-5.87E0));
#2949=DIRECTION('',(1.E0,0.E0,0.E0));
#2950=DIRECTION('',(0.E0,0.E0,-1.E0));
#2951=AXIS2_PLACEMENT_3D('',#2948,#2949,#2950);
#2952=PLANE('',#2951);
#2953=ORIENTED_EDGE('',*,*,#2874,.T.);
#2954=ORIENTED_EDGE('',*,*,#2841,.T.);
#2956=ORIENTED_EDGE('',*,*,#2955,.T.);
#2958=ORIENTED_EDGE('',*,*,#2957,.F.);
#2959=EDGE_LOOP('',(#2953,#2954,#2956,#2958));
#2960=FACE_OUTER_BOUND('',#2959,.F.);
#2962=CARTESIAN_POINT('',(2.2E0,2.93E0,-5.87E0));
#2963=DIRECTION('',(0.E0,0.E0,1.E0));
#2964=DIRECTION('',(1.E0,0.E0,0.E0));
#2965=AXIS2_PLACEMENT_3D('',#2962,#2963,#2964);
#2966=PLANE('',#2965);
#2967=ORIENTED_EDGE('',*,*,#2839,.F.);
#2969=ORIENTED_EDGE('',*,*,#2968,.T.);
#2971=ORIENTED_EDGE('',*,*,#2970,.T.);
#2972=ORIENTED_EDGE('',*,*,#2955,.F.);
#2973=EDGE_LOOP('',(#2967,#2969,#2971,#2972));
#2974=FACE_OUTER_BOUND('',#2973,.F.);
#2976=ORIENTED_EDGE('',*,*,#2975,.F.);
#2978=ORIENTED_EDGE('',*,*,#2977,.F.);
#2980=ORIENTED_EDGE('',*,*,#2979,.F.);
#2982=ORIENTED_EDGE('',*,*,#2981,.T.);
#2983=EDGE_LOOP('',(#2976,#2978,#2980,#2982));
#2984=FACE_BOUND('',#2983,.F.);
#2986=CARTESIAN_POINT('',(2.2E0,2.93E0,-6.07E0));
#2987=DIRECTION('',(-1.E0,0.E0,0.E0));
#2988=DIRECTION('',(0.E0,0.E0,1.E0));
#2989=AXIS2_PLACEMENT_3D('',#2986,#2987,#2988);
#2990=PLANE('',#2989);
#2991=ORIENTED_EDGE('',*,*,#2895,.F.);
#2993=ORIENTED_EDGE('',*,*,#2992,.T.);
#2994=ORIENTED_EDGE('',*,*,#2968,.F.);
#2995=ORIENTED_EDGE('',*,*,#2837,.F.);
#2996=EDGE_LOOP('',(#2991,#2993,#2994,#2995));
#2997=FACE_OUTER_BOUND('',#2996,.F.);
#2999=CARTESIAN_POINT('',(-4.5E0,-2.27E0,-3.07E0));
#3000=DIRECTION('',(0.E0,-1.E0,0.E0));
#3001=DIRECTION('',(1.E0,0.E0,0.E0));
#3002=AXIS2_PLACEMENT_3D('',#2999,#3000,#3001);
#3003=PLANE('',#3002);
#3005=ORIENTED_EDGE('',*,*,#3004,.T.);
#3007=ORIENTED_EDGE('',*,*,#3006,.T.);
#3009=ORIENTED_EDGE('',*,*,#3008,.F.);
#3011=ORIENTED_EDGE('',*,*,#3010,.T.);
#3013=ORIENTED_EDGE('',*,*,#3012,.T.);
#3015=ORIENTED_EDGE('',*,*,#3014,.F.);
#3017=ORIENTED_EDGE('',*,*,#3016,.T.);
#3019=ORIENTED_EDGE('',*,*,#3018,.T.);
#3021=ORIENTED_EDGE('',*,*,#3020,.T.);
#3022=ORIENTED_EDGE('',*,*,#2876,.F.);
#3023=ORIENTED_EDGE('',*,*,#2957,.T.);
#3024=ORIENTED_EDGE('',*,*,#2970,.F.);
#3025=ORIENTED_EDGE('',*,*,#2992,.F.);
#3026=ORIENTED_EDGE('',*,*,#2893,.F.);
#3028=ORIENTED_EDGE('',*,*,#3027,.T.);
#3030=ORIENTED_EDGE('',*,*,#3029,.F.);
#3032=ORIENTED_EDGE('',*,*,#3031,.F.);
#3033=ORIENTED_EDGE('',*,*,#2908,.F.);
#3035=ORIENTED_EDGE('',*,*,#3034,.T.);
#3037=ORIENTED_EDGE('',*,*,#3036,.F.);
#3039=ORIENTED_EDGE('',*,*,#3038,.F.);
#3040=ORIENTED_EDGE('',*,*,#2940,.F.);
#3042=ORIENTED_EDGE('',*,*,#3041,.T.);
#3044=ORIENTED_EDGE('',*,*,#3043,.F.);
#3045=ORIENTED_EDGE('',*,*,#2861,.F.);
#3046=ORIENTED_EDGE('',*,*,#2928,.F.);
#3048=ORIENTED_EDGE('',*,*,#3047,.F.);
#3050=ORIENTED_EDGE('',*,*,#3049,.T.);
#3051=EDGE_LOOP('',(#3005,#3007,#3009,#3011,#3013,#3015,#3017,#3019,#3021,#3022,
#3023,#3024,#3025,#3026,#3028,#3030,#3032,#3033,#3035,#3037,#3039,#3040,#3042,
#3044,#3045,#3046,#3048,#3050));
#3052=FACE_OUTER_BOUND('',#3051,.F.);
#3054=CARTESIAN_POINT('',(-3.33E0,-2.27E0,-3.07E0));
#3055=DIRECTION('',(1.E0,0.E0,0.E0));
#3056=DIRECTION('',(0.E0,1.E0,0.E0));
#3057=AXIS2_PLACEMENT_3D('',#3054,#3055,#3056);
#3058=PLANE('',#3057);
#3060=ORIENTED_EDGE('',*,*,#3059,.F.);
#3062=ORIENTED_EDGE('',*,*,#3061,.F.);
#3063=ORIENTED_EDGE('',*,*,#3004,.F.);
#3065=ORIENTED_EDGE('',*,*,#3064,.T.);
#3067=ORIENTED_EDGE('',*,*,#3066,.T.);
#3069=ORIENTED_EDGE('',*,*,#3068,.F.);
#3070=EDGE_LOOP('',(#3060,#3062,#3063,#3065,#3067,#3069));
#3071=FACE_OUTER_BOUND('',#3070,.F.);
#3073=CARTESIAN_POINT('',(-4.5E0,-1.77E0,0.E0));
#3074=DIRECTION('',(0.E0,-1.E0,0.E0));
#3075=DIRECTION('',(1.E0,0.E0,0.E0));
#3076=AXIS2_PLACEMENT_3D('',#3073,#3074,#3075);
#3077=PLANE('',#3076);
#3079=ORIENTED_EDGE('',*,*,#3078,.T.);
#3081=ORIENTED_EDGE('',*,*,#3080,.T.);
#3083=ORIENTED_EDGE('',*,*,#3082,.T.);
#3085=ORIENTED_EDGE('',*,*,#3084,.F.);
#3087=ORIENTED_EDGE('',*,*,#3086,.F.);
#3088=ORIENTED_EDGE('',*,*,#2514,.T.);
#3090=ORIENTED_EDGE('',*,*,#3089,.T.);
#3092=ORIENTED_EDGE('',*,*,#3091,.T.);
#3094=ORIENTED_EDGE('',*,*,#3093,.T.);
#3096=ORIENTED_EDGE('',*,*,#3095,.T.);
#3097=EDGE_LOOP('',(#3079,#3081,#3083,#3085,#3087,#3088,#3090,#3092,#3094,
#3096));
#3098=FACE_OUTER_BOUND('',#3097,.F.);
#3100=CARTESIAN_POINT('',(-4.5E0,-1.77E0,0.E0));
#3101=DIRECTION('',(0.E0,-1.E0,0.E0));
#3102=DIRECTION('',(1.E0,0.E0,0.E0));
#3103=AXIS2_PLACEMENT_3D('',#3100,#3101,#3102);
#3104=PLANE('',#3103);
#3106=ORIENTED_EDGE('',*,*,#3105,.F.);
#3108=ORIENTED_EDGE('',*,*,#3107,.F.);
#3110=ORIENTED_EDGE('',*,*,#3109,.F.);
#3111=ORIENTED_EDGE('',*,*,#3059,.T.);
#3113=ORIENTED_EDGE('',*,*,#3112,.T.);
#3115=ORIENTED_EDGE('',*,*,#3114,.F.);
#3117=ORIENTED_EDGE('',*,*,#3116,.T.);
#3119=ORIENTED_EDGE('',*,*,#3118,.F.);
#3120=ORIENTED_EDGE('',*,*,#2494,.T.);
#3122=ORIENTED_EDGE('',*,*,#3121,.T.);
#3123=EDGE_LOOP('',(#3106,#3108,#3110,#3111,#3113,#3115,#3117,#3119,#3120,
#3122));
#3124=FACE_OUTER_BOUND('',#3123,.F.);
#3126=CARTESIAN_POINT('',(3.33E0,-1.77E0,-3.07E0));
#3127=DIRECTION('',(-1.E0,0.E0,0.E0));
#3128=DIRECTION('',(0.E0,-1.E0,0.E0));
#3129=AXIS2_PLACEMENT_3D('',#3126,#3127,#3128);
#3130=PLANE('',#3129);
#3131=ORIENTED_EDGE('',*,*,#3016,.F.);
#3133=ORIENTED_EDGE('',*,*,#3132,.T.);
#3134=ORIENTED_EDGE('',*,*,#3078,.F.);
#3136=ORIENTED_EDGE('',*,*,#3135,.T.);
#3138=ORIENTED_EDGE('',*,*,#3137,.T.);
#3140=ORIENTED_EDGE('',*,*,#3139,.T.);
#3141=EDGE_LOOP('',(#3131,#3133,#3134,#3136,#3138,#3140));
#3142=FACE_OUTER_BOUND('',#3141,.F.);
#3144=CARTESIAN_POINT('',(4.1E0,-2.27E0,-3.07E0));
#3145=DIRECTION('',(0.E0,0.E0,-1.E0));
#3146=DIRECTION('',(0.E0,1.E0,0.E0));
#3147=AXIS2_PLACEMENT_3D('',#3144,#3145,#3146);
#3148=PLANE('',#3147);
#3149=ORIENTED_EDGE('',*,*,#3132,.F.);
#3150=ORIENTED_EDGE('',*,*,#3014,.T.);
#3152=ORIENTED_EDGE('',*,*,#3151,.T.);
#3153=ORIENTED_EDGE('',*,*,#3080,.F.);
#3154=EDGE_LOOP('',(#3149,#3150,#3152,#3153));
#3155=FACE_OUTER_BOUND('',#3154,.F.);
#3157=CARTESIAN_POINT('',(2.01E0,0.E0,0.E0));
#3158=DIRECTION('',(1.E0,0.E0,0.E0));
#3159=DIRECTION('',(0.E0,0.E0,-1.E0));
#3160=AXIS2_PLACEMENT_3D('',#3157,#3158,#3159);
#3161=PLANE('',#3160);
#3163=ORIENTED_EDGE('',*,*,#3162,.F.);
#3164=ORIENTED_EDGE('',*,*,#3082,.F.);
#3165=ORIENTED_EDGE('',*,*,#3151,.F.);
#3166=ORIENTED_EDGE('',*,*,#3012,.F.);
#3168=ORIENTED_EDGE('',*,*,#3167,.F.);
#3170=ORIENTED_EDGE('',*,*,#3169,.F.);
#3172=ORIENTED_EDGE('',*,*,#3171,.F.);
#3174=ORIENTED_EDGE('',*,*,#3173,.F.);
#3175=EDGE_LOOP('',(#3163,#3164,#3165,#3166,#3168,#3170,#3172,#3174));
#3176=FACE_OUTER_BOUND('',#3175,.F.);
#3178=CARTESIAN_POINT('',(-4.1E0,-1.97E0,-2.72E0));
#3179=DIRECTION('',(1.E0,0.E0,0.E0));
#3180=DIRECTION('',(0.E0,0.E0,-1.E0));
#3181=AXIS2_PLACEMENT_3D('',#3178,#3179,#3180);
#3182=CYLINDRICAL_SURFACE('',#3181,2.E-1);
#3184=ORIENTED_EDGE('',*,*,#3183,.F.);
#3185=ORIENTED_EDGE('',*,*,#3105,.T.);
#3187=ORIENTED_EDGE('',*,*,#3186,.T.);
#3188=ORIENTED_EDGE('',*,*,#3084,.T.);
#3189=ORIENTED_EDGE('',*,*,#3162,.T.);
#3191=ORIENTED_EDGE('',*,*,#3190,.F.);
#3192=EDGE_LOOP('',(#3184,#3185,#3187,#3188,#3189,#3191));
#3193=FACE_OUTER_BOUND('',#3192,.F.);
#3195=CARTESIAN_POINT('',(-2.01E0,0.E0,0.E0));
#3196=DIRECTION('',(1.E0,0.E0,0.E0));
#3197=DIRECTION('',(0.E0,0.E0,-1.E0));
#3198=AXIS2_PLACEMENT_3D('',#3195,#3196,#3197);
#3199=PLANE('',#3198);
#3200=ORIENTED_EDGE('',*,*,#3183,.T.);
#3202=ORIENTED_EDGE('',*,*,#3201,.T.);
#3204=ORIENTED_EDGE('',*,*,#3203,.T.);
#3206=ORIENTED_EDGE('',*,*,#3205,.T.);
#3208=ORIENTED_EDGE('',*,*,#3207,.T.);
#3209=ORIENTED_EDGE('',*,*,#3008,.T.);
#3211=ORIENTED_EDGE('',*,*,#3210,.T.);
#3212=ORIENTED_EDGE('',*,*,#3107,.T.);
#3213=EDGE_LOOP('',(#3200,#3202,#3204,#3206,#3208,#3209,#3211,#3212));
#3214=FACE_OUTER_BOUND('',#3213,.F.);
#3216=CARTESIAN_POINT('',(-4.1E0,-1.97E0,-2.52E0));
#3217=DIRECTION('',(0.E0,0.E0,1.E0));
#3218=DIRECTION('',(0.E0,-1.E0,0.E0));
#3219=AXIS2_PLACEMENT_3D('',#3216,#3217,#3218);
#3220=PLANE('',#3219);
#3221=ORIENTED_EDGE('',*,*,#3201,.F.);
#3222=ORIENTED_EDGE('',*,*,#3190,.T.);
#3223=ORIENTED_EDGE('',*,*,#3173,.T.);
#3225=ORIENTED_EDGE('',*,*,#3224,.F.);
#3226=EDGE_LOOP('',(#3221,#3222,#3223,#3225));
#3227=FACE_OUTER_BOUND('',#3226,.F.);
#3229=CARTESIAN_POINT('',(-4.1E0,-2.27E0,-2.52E0));
#3230=DIRECTION('',(0.E0,-6.757246285173E-1,7.371541402007E-1));
#3231=DIRECTION('',(0.E0,-7.371541402007E-1,-6.757246285173E-1));
#3232=AXIS2_PLACEMENT_3D('',#3229,#3230,#3231);
#3233=PLANE('',#3232);
#3234=ORIENTED_EDGE('',*,*,#3203,.F.);
#3235=ORIENTED_EDGE('',*,*,#3224,.T.);
#3236=ORIENTED_EDGE('',*,*,#3171,.T.);
#3238=ORIENTED_EDGE('',*,*,#3237,.F.);
#3239=EDGE_LOOP('',(#3234,#3235,#3236,#3238));
#3240=FACE_OUTER_BOUND('',#3239,.F.);
#3242=CARTESIAN_POINT('',(-4.1E0,-2.87E0,-3.07E0));
#3243=DIRECTION('',(0.E0,-1.E0,0.E0));
#3244=DIRECTION('',(0.E0,0.E0,-1.E0));
#3245=AXIS2_PLACEMENT_3D('',#3242,#3243,#3244);
#3246=PLANE('',#3245);
#3247=ORIENTED_EDGE('',*,*,#3205,.F.);
#3248=ORIENTED_EDGE('',*,*,#3237,.T.);
#3249=ORIENTED_EDGE('',*,*,#3169,.T.);
#3251=ORIENTED_EDGE('',*,*,#3250,.F.);
#3252=EDGE_LOOP('',(#3247,#3248,#3249,#3251));
#3253=FACE_OUTER_BOUND('',#3252,.F.);
#3255=CARTESIAN_POINT('',(-4.1E0,-2.87E0,-3.77E0));
#3256=DIRECTION('',(0.E0,8.715574274766E-2,-9.961946980917E-1));
#3257=DIRECTION('',(0.E0,9.961946980917E-1,8.715574274766E-2));
#3258=AXIS2_PLACEMENT_3D('',#3255,#3256,#3257);
#3259=PLANE('',#3258);
#3260=ORIENTED_EDGE('',*,*,#3207,.F.);
#3261=ORIENTED_EDGE('',*,*,#3250,.T.);
#3262=ORIENTED_EDGE('',*,*,#3167,.T.);
#3263=ORIENTED_EDGE('',*,*,#3010,.F.);
#3264=EDGE_LOOP('',(#3260,#3261,#3262,#3263));
#3265=FACE_OUTER_BOUND('',#3264,.F.);
#3267=CARTESIAN_POINT('',(-4.1E0,-2.27E0,-3.07E0));
#3268=DIRECTION('',(0.E0,0.E0,-1.E0));
#3269=DIRECTION('',(0.E0,1.E0,0.E0));
#3270=AXIS2_PLACEMENT_3D('',#3267,#3268,#3269);
#3271=PLANE('',#3270);
#3272=ORIENTED_EDGE('',*,*,#3061,.T.);
#3273=ORIENTED_EDGE('',*,*,#3109,.T.);
#3274=ORIENTED_EDGE('',*,*,#3210,.F.);
#3275=ORIENTED_EDGE('',*,*,#3006,.F.);
#3276=EDGE_LOOP('',(#3272,#3273,#3274,#3275));
#3277=FACE_OUTER_BOUND('',#3276,.F.);
#3279=CARTESIAN_POINT('',(-2.E0,-1.77E0,-3.07E0));
#3280=DIRECTION('',(0.E0,-1.E0,0.E0));
#3281=DIRECTION('',(1.E0,0.E0,0.E0));
#3282=AXIS2_PLACEMENT_3D('',#3279,#3280,#3281);
#3283=PLANE('',#3282);
#3285=ORIENTED_EDGE('',*,*,#3284,.T.);
#3286=ORIENTED_EDGE('',*,*,#3186,.F.);
#3288=ORIENTED_EDGE('',*,*,#3287,.T.);
#3290=ORIENTED_EDGE('',*,*,#3289,.T.);
#3291=EDGE_LOOP('',(#3285,#3286,#3288,#3290));
#3292=FACE_OUTER_BOUND('',#3291,.F.);
#3294=CARTESIAN_POINT('',(2.E0,-1.77E0,-3.07E0));
#3295=DIRECTION('',(1.E0,0.E0,0.E0));
#3296=DIRECTION('',(0.E0,0.E0,1.E0));
#3297=AXIS2_PLACEMENT_3D('',#3294,#3295,#3296);
#3298=PLANE('',#3297);
#3300=ORIENTED_EDGE('',*,*,#3299,.T.);
#3302=ORIENTED_EDGE('',*,*,#3301,.F.);
#3303=ORIENTED_EDGE('',*,*,#2516,.F.);
#3304=ORIENTED_EDGE('',*,*,#3086,.T.);
#3305=ORIENTED_EDGE('',*,*,#3284,.F.);
#3307=ORIENTED_EDGE('',*,*,#3306,.T.);
#3308=EDGE_LOOP('',(#3300,#3302,#3303,#3304,#3305,#3307));
#3309=FACE_OUTER_BOUND('',#3308,.F.);
#3311=CARTESIAN_POINT('',(-4.5E0,-1.17E0,0.E0));
#3312=DIRECTION('',(0.E0,-1.E0,0.E0));
#3313=DIRECTION('',(0.E0,0.E0,-1.E0));
#3314=AXIS2_PLACEMENT_3D('',#3311,#3312,#3313);
#3315=PLANE('',#3314);
#3317=ORIENTED_EDGE('',*,*,#3316,.T.);
#3318=ORIENTED_EDGE('',*,*,#2557,.T.);
#3320=ORIENTED_EDGE('',*,*,#3319,.T.);
#3322=ORIENTED_EDGE('',*,*,#3321,.F.);
#3323=EDGE_LOOP('',(#3317,#3318,#3320,#3322));
#3324=FACE_OUTER_BOUND('',#3323,.F.);
#3325=ORIENTED_EDGE('',*,*,#3066,.F.);
#3327=ORIENTED_EDGE('',*,*,#3326,.F.);
#3329=ORIENTED_EDGE('',*,*,#3328,.F.);
#3331=ORIENTED_EDGE('',*,*,#3330,.F.);
#3332=EDGE_LOOP('',(#3325,#3327,#3329,#3331));
#3333=FACE_BOUND('',#3332,.F.);
#3335=CARTESIAN_POINT('',(-4.5E0,-1.17E0,0.E0));
#3336=DIRECTION('',(0.E0,-1.E0,0.E0));
#3337=DIRECTION('',(0.E0,0.E0,-1.E0));
#3338=AXIS2_PLACEMENT_3D('',#3335,#3336,#3337);
#3339=PLANE('',#3338);
#3341=ORIENTED_EDGE('',*,*,#3340,.T.);
#3342=ORIENTED_EDGE('',*,*,#3299,.F.);
#3344=ORIENTED_EDGE('',*,*,#3343,.T.);
#3345=ORIENTED_EDGE('',*,*,#2597,.F.);
#3346=EDGE_LOOP('',(#3341,#3342,#3344,#3345));
#3347=FACE_OUTER_BOUND('',#3346,.F.);
#3349=ORIENTED_EDGE('',*,*,#3348,.F.);
#3350=ORIENTED_EDGE('',*,*,#3137,.F.);
#3352=ORIENTED_EDGE('',*,*,#3351,.F.);
#3354=ORIENTED_EDGE('',*,*,#3353,.F.);
#3355=EDGE_LOOP('',(#3349,#3350,#3352,#3354));
#3356=FACE_BOUND('',#3355,.F.);
#3358=CARTESIAN_POINT('',(0.E0,0.E0,-4.1E0));
#3359=DIRECTION('',(0.E0,0.E0,1.E0));
#3360=DIRECTION('',(1.E0,0.E0,0.E0));
#3361=AXIS2_PLACEMENT_3D('',#3358,#3359,#3360);
#3362=PLANE('',#3361);
#3363=ORIENTED_EDGE('',*,*,#3139,.F.);
#3364=ORIENTED_EDGE('',*,*,#3348,.T.);
#3366=ORIENTED_EDGE('',*,*,#3365,.F.);
#3367=ORIENTED_EDGE('',*,*,#3091,.F.);
#3369=ORIENTED_EDGE('',*,*,#3368,.F.);
#3370=ORIENTED_EDGE('',*,*,#2770,.F.);
#3372=ORIENTED_EDGE('',*,*,#3371,.F.);
#3373=ORIENTED_EDGE('',*,*,#3018,.F.);
#3374=EDGE_LOOP('',(#3363,#3364,#3366,#3367,#3369,#3370,#3372,#3373));
#3375=FACE_OUTER_BOUND('',#3374,.F.);
#3377=CARTESIAN_POINT('',(0.E0,0.E0,-4.1E0));
#3378=DIRECTION('',(0.E0,0.E0,1.E0));
#3379=DIRECTION('',(1.E0,0.E0,0.E0));
#3380=AXIS2_PLACEMENT_3D('',#3377,#3378,#3379);
#3381=PLANE('',#3380);
#3382=ORIENTED_EDGE('',*,*,#3116,.F.);
#3384=ORIENTED_EDGE('',*,*,#3383,.T.);
#3385=ORIENTED_EDGE('',*,*,#3326,.T.);
#3386=ORIENTED_EDGE('',*,*,#3064,.F.);
#3387=ORIENTED_EDGE('',*,*,#3049,.F.);
#3389=ORIENTED_EDGE('',*,*,#3388,.F.);
#3390=ORIENTED_EDGE('',*,*,#2691,.T.);
#3392=ORIENTED_EDGE('',*,*,#3391,.F.);
#3393=EDGE_LOOP('',(#3382,#3384,#3385,#3386,#3387,#3389,#3390,#3392));
#3394=FACE_OUTER_BOUND('',#3393,.F.);
#3396=CARTESIAN_POINT('',(4.43E0,-1.77E0,-4.1E0));
#3397=DIRECTION('',(1.E0,0.E0,0.E0));
#3398=DIRECTION('',(0.E0,0.E0,1.E0));
#3399=AXIS2_PLACEMENT_3D('',#3396,#3397,#3398);
#3400=PLANE('',#3399);
#3401=ORIENTED_EDGE('',*,*,#3093,.F.);
#3402=ORIENTED_EDGE('',*,*,#3365,.T.);
#3403=ORIENTED_EDGE('',*,*,#3353,.T.);
#3405=ORIENTED_EDGE('',*,*,#3404,.F.);
#3406=EDGE_LOOP('',(#3401,#3402,#3403,#3405));
#3407=FACE_OUTER_BOUND('',#3406,.F.);
#3409=CARTESIAN_POINT('',(4.43E0,-1.77E0,-2.E0));
#3410=DIRECTION('',(0.E0,0.E0,1.E0));
#3411=DIRECTION('',(-1.E0,0.E0,0.E0));
#3412=AXIS2_PLACEMENT_3D('',#3409,#3410,#3411);
#3413=PLANE('',#3412);
#3414=ORIENTED_EDGE('',*,*,#3095,.F.);
#3415=ORIENTED_EDGE('',*,*,#3404,.T.);
#3416=ORIENTED_EDGE('',*,*,#3351,.T.);
#3417=ORIENTED_EDGE('',*,*,#3135,.F.);
#3418=EDGE_LOOP('',(#3414,#3415,#3416,#3417));
#3419=FACE_OUTER_BOUND('',#3418,.F.);
#3421=CARTESIAN_POINT('',(4.5E0,-1.27E0,0.E0));
#3422=DIRECTION('',(0.E0,0.E0,1.E0));
#3423=DIRECTION('',(1.E0,0.E0,0.E0));
#3424=AXIS2_PLACEMENT_3D('',#3421,#3422,#3423);
#3425=CYLINDRICAL_SURFACE('',#3424,5.E-1);
#3426=ORIENTED_EDGE('',*,*,#2772,.T.);
#3427=ORIENTED_EDGE('',*,*,#3368,.T.);
#3428=ORIENTED_EDGE('',*,*,#3089,.F.);
#3429=ORIENTED_EDGE('',*,*,#2512,.T.);
#3430=EDGE_LOOP('',(#3426,#3427,#3428,#3429));
#3431=FACE_OUTER_BOUND('',#3430,.F.);
#3433=CARTESIAN_POINT('',(4.5E0,-1.77E0,-3.07E0));
#3434=DIRECTION('',(0.E0,0.E0,1.E0));
#3435=DIRECTION('',(1.E0,0.E0,0.E0));
#3436=AXIS2_PLACEMENT_3D('',#3433,#3434,#3435);
#3437=CYLINDRICAL_SURFACE('',#3436,5.E-1);
#3438=ORIENTED_EDGE('',*,*,#3371,.T.);
#3439=ORIENTED_EDGE('',*,*,#2768,.T.);
#3440=ORIENTED_EDGE('',*,*,#2878,.F.);
#3441=ORIENTED_EDGE('',*,*,#3020,.F.);
#3442=EDGE_LOOP('',(#3438,#3439,#3440,#3441));
#3443=FACE_OUTER_BOUND('',#3442,.F.);
#3445=CARTESIAN_POINT('',(-4.43E0,-1.77E0,-2.E0));
#3446=DIRECTION('',(-1.E0,0.E0,0.E0));
#3447=DIRECTION('',(0.E0,0.E0,-1.E0));
#3448=AXIS2_PLACEMENT_3D('',#3445,#3446,#3447);
#3449=PLANE('',#3448);
#3450=ORIENTED_EDGE('',*,*,#3114,.T.);
#3452=ORIENTED_EDGE('',*,*,#3451,.T.);
#3453=ORIENTED_EDGE('',*,*,#3328,.T.);
#3454=ORIENTED_EDGE('',*,*,#3383,.F.);
#3455=EDGE_LOOP('',(#3450,#3452,#3453,#3454));
#3456=FACE_OUTER_BOUND('',#3455,.F.);
#3458=CARTESIAN_POINT('',(-3.33E0,-1.77E0,-2.E0));
#3459=DIRECTION('',(0.E0,0.E0,1.E0));
#3460=DIRECTION('',(-1.E0,0.E0,0.E0));
#3461=AXIS2_PLACEMENT_3D('',#3458,#3459,#3460);
#3462=PLANE('',#3461);
#3463=ORIENTED_EDGE('',*,*,#3112,.F.);
#3464=ORIENTED_EDGE('',*,*,#3068,.T.);
#3465=ORIENTED_EDGE('',*,*,#3330,.T.);
#3466=ORIENTED_EDGE('',*,*,#3451,.F.);
#3467=EDGE_LOOP('',(#3463,#3464,#3465,#3466));
#3468=FACE_OUTER_BOUND('',#3467,.F.);
#3470=CARTESIAN_POINT('',(-4.5E0,-1.77E0,-3.07E0));
#3471=DIRECTION('',(0.E0,0.E0,1.E0));
#3472=DIRECTION('',(1.E0,0.E0,0.E0));
#3473=AXIS2_PLACEMENT_3D('',#3470,#3471,#3472);
#3474=CYLINDRICAL_SURFACE('',#3473,5.E-1);
#3475=ORIENTED_EDGE('',*,*,#3388,.T.);
#3476=ORIENTED_EDGE('',*,*,#3047,.T.);
#3477=ORIENTED_EDGE('',*,*,#2926,.F.);
#3478=ORIENTED_EDGE('',*,*,#2693,.F.);
#3479=EDGE_LOOP('',(#3475,#3476,#3477,#3478));
#3480=FACE_OUTER_BOUND('',#3479,.F.);
#3482=CARTESIAN_POINT('',(-4.5E0,-1.27E0,0.E0));
#3483=DIRECTION('',(0.E0,0.E0,1.E0));
#3484=DIRECTION('',(1.E0,0.E0,0.E0));
#3485=AXIS2_PLACEMENT_3D('',#3482,#3483,#3484);
#3486=CYLINDRICAL_SURFACE('',#3485,5.E-1);
#3487=ORIENTED_EDGE('',*,*,#3118,.T.);
#3488=ORIENTED_EDGE('',*,*,#3391,.T.);
#3489=ORIENTED_EDGE('',*,*,#2689,.T.);
#3490=ORIENTED_EDGE('',*,*,#2496,.T.);
#3491=EDGE_LOOP('',(#3487,#3488,#3489,#3490));
#3492=FACE_OUTER_BOUND('',#3491,.F.);
#3494=CARTESIAN_POINT('',(-3.25E0,-1.27E0,-1.E-1));
#3495=DIRECTION('',(0.E0,7.071067811865E-1,7.071067811865E-1));
#3496=DIRECTION('',(0.E0,7.071067811865E-1,-7.071067811865E-1));
#3497=AXIS2_PLACEMENT_3D('',#3494,#3495,#3496);
#3498=PLANE('',#3497);
#3499=ORIENTED_EDGE('',*,*,#2490,.T.);
#3500=ORIENTED_EDGE('',*,*,#2559,.T.);
#3501=ORIENTED_EDGE('',*,*,#3316,.F.);
#3503=ORIENTED_EDGE('',*,*,#3502,.T.);
#3504=EDGE_LOOP('',(#3499,#3500,#3501,#3503));
#3505=FACE_OUTER_BOUND('',#3504,.F.);
#3507=CARTESIAN_POINT('',(-2.E0,-1.77E0,0.E0));
#3508=DIRECTION('',(-1.E0,0.E0,0.E0));
#3509=DIRECTION('',(0.E0,0.E0,-1.E0));
#3510=AXIS2_PLACEMENT_3D('',#3507,#3508,#3509);
#3511=PLANE('',#3510);
#3512=ORIENTED_EDGE('',*,*,#2492,.T.);
#3513=ORIENTED_EDGE('',*,*,#3502,.F.);
#3514=ORIENTED_EDGE('',*,*,#3321,.T.);
#3516=ORIENTED_EDGE('',*,*,#3515,.T.);
#3517=ORIENTED_EDGE('',*,*,#3287,.F.);
#3518=ORIENTED_EDGE('',*,*,#3121,.F.);
#3519=EDGE_LOOP('',(#3512,#3513,#3514,#3516,#3517,#3518));
#3520=FACE_OUTER_BOUND('',#3519,.F.);
#3522=CARTESIAN_POINT('',(-4.5E0,-1.17E0,-4.3E0));
#3523=DIRECTION('',(0.E0,0.E0,-1.E0));
#3524=DIRECTION('',(0.E0,1.E0,0.E0));
#3525=AXIS2_PLACEMENT_3D('',#3522,#3523,#3524);
#3526=PLANE('',#3525);
#3527=ORIENTED_EDGE('',*,*,#3343,.F.);
#3528=ORIENTED_EDGE('',*,*,#3306,.F.);
#3529=ORIENTED_EDGE('',*,*,#3289,.F.);
#3530=ORIENTED_EDGE('',*,*,#3515,.F.);
#3531=ORIENTED_EDGE('',*,*,#3319,.F.);
#3532=ORIENTED_EDGE('',*,*,#2555,.T.);
#3534=ORIENTED_EDGE('',*,*,#3533,.T.);
#3535=ORIENTED_EDGE('',*,*,#2599,.F.);
#3536=EDGE_LOOP('',(#3527,#3528,#3529,#3530,#3531,#3532,#3534,#3535));
#3537=FACE_OUTER_BOUND('',#3536,.F.);
#3539=ORIENTED_EDGE('',*,*,#3538,.T.);
#3541=ORIENTED_EDGE('',*,*,#3540,.T.);
#3543=ORIENTED_EDGE('',*,*,#3542,.T.);
#3545=ORIENTED_EDGE('',*,*,#3544,.T.);
#3546=EDGE_LOOP('',(#3539,#3541,#3543,#3545));
#3547=FACE_BOUND('',#3546,.F.);
#3549=ORIENTED_EDGE('',*,*,#3548,.T.);
#3551=ORIENTED_EDGE('',*,*,#3550,.T.);
#3553=ORIENTED_EDGE('',*,*,#3552,.T.);
#3555=ORIENTED_EDGE('',*,*,#3554,.T.);
#3556=EDGE_LOOP('',(#3549,#3551,#3553,#3555));
#3557=FACE_BOUND('',#3556,.F.);
#3559=ORIENTED_EDGE('',*,*,#3558,.T.);
#3561=ORIENTED_EDGE('',*,*,#3560,.T.);
#3563=ORIENTED_EDGE('',*,*,#3562,.T.);
#3565=ORIENTED_EDGE('',*,*,#3564,.T.);
#3566=EDGE_LOOP('',(#3559,#3561,#3563,#3565));
#3567=FACE_BOUND('',#3566,.F.);
#3569=ORIENTED_EDGE('',*,*,#3568,.T.);
#3571=ORIENTED_EDGE('',*,*,#3570,.T.);
#3573=ORIENTED_EDGE('',*,*,#3572,.T.);
#3575=ORIENTED_EDGE('',*,*,#3574,.T.);
#3576=EDGE_LOOP('',(#3569,#3571,#3573,#3575));
#3577=FACE_BOUND('',#3576,.F.);
#3579=CARTESIAN_POINT('',(-4.5E0,5.3E-1,-4.3E0));
#3580=DIRECTION('',(0.E0,-8.137334712067E-1,-5.812381937191E-1));
#3581=DIRECTION('',(0.E0,5.812381937191E-1,-8.137334712067E-1));
#3582=AXIS2_PLACEMENT_3D('',#3579,#3580,#3581);
#3583=PLANE('',#3582);
#3584=ORIENTED_EDGE('',*,*,#2553,.T.);
#3586=ORIENTED_EDGE('',*,*,#3585,.T.);
#3587=ORIENTED_EDGE('',*,*,#2601,.F.);
#3588=ORIENTED_EDGE('',*,*,#3533,.F.);
#3589=EDGE_LOOP('',(#3584,#3586,#3587,#3588));
#3590=FACE_OUTER_BOUND('',#3589,.F.);
#3592=CARTESIAN_POINT('',(-4.5E0,1.03E0,-5.E0));
#3593=DIRECTION('',(0.E0,0.E0,-1.E0));
#3594=DIRECTION('',(0.E0,1.E0,0.E0));
#3595=AXIS2_PLACEMENT_3D('',#3592,#3593,#3594);
#3596=PLANE('',#3595);
#3598=ORIENTED_EDGE('',*,*,#3597,.T.);
#3600=ORIENTED_EDGE('',*,*,#3599,.T.);
#3602=ORIENTED_EDGE('',*,*,#3601,.T.);
#3604=ORIENTED_EDGE('',*,*,#3603,.F.);
#3606=ORIENTED_EDGE('',*,*,#3605,.T.);
#3608=ORIENTED_EDGE('',*,*,#3607,.T.);
#3610=ORIENTED_EDGE('',*,*,#3609,.T.);
#3612=ORIENTED_EDGE('',*,*,#3611,.F.);
#3614=ORIENTED_EDGE('',*,*,#3613,.T.);
#3616=ORIENTED_EDGE('',*,*,#3615,.T.);
#3618=ORIENTED_EDGE('',*,*,#3617,.T.);
#3620=ORIENTED_EDGE('',*,*,#3619,.F.);
#3622=ORIENTED_EDGE('',*,*,#3621,.T.);
#3623=ORIENTED_EDGE('',*,*,#2603,.F.);
#3624=ORIENTED_EDGE('',*,*,#3585,.F.);
#3625=ORIENTED_EDGE('',*,*,#2551,.T.);
#3626=EDGE_LOOP('',(#3598,#3600,#3602,#3604,#3606,#3608,#3610,#3612,#3614,#3616,
#3618,#3620,#3622,#3623,#3624,#3625));
#3627=FACE_OUTER_BOUND('',#3626,.F.);
#3629=CARTESIAN_POINT('',(-4.5E0,2.43E0,-5.E0));
#3630=DIRECTION('',(0.E0,1.E0,0.E0));
#3631=DIRECTION('',(0.E0,0.E0,1.E0));
#3632=AXIS2_PLACEMENT_3D('',#3629,#3630,#3631);
#3633=PLANE('',#3632);
#3634=ORIENTED_EDGE('',*,*,#3597,.F.);
#3635=ORIENTED_EDGE('',*,*,#2549,.T.);
#3636=ORIENTED_EDGE('',*,*,#2581,.T.);
#3637=ORIENTED_EDGE('',*,*,#2605,.F.);
#3638=ORIENTED_EDGE('',*,*,#3621,.F.);
#3640=ORIENTED_EDGE('',*,*,#3639,.T.);
#3642=ORIENTED_EDGE('',*,*,#3641,.F.);
#3644=ORIENTED_EDGE('',*,*,#3643,.F.);
#3645=ORIENTED_EDGE('',*,*,#3613,.F.);
#3647=ORIENTED_EDGE('',*,*,#3646,.T.);
#3649=ORIENTED_EDGE('',*,*,#3648,.F.);
#3651=ORIENTED_EDGE('',*,*,#3650,.F.);
#3652=ORIENTED_EDGE('',*,*,#3605,.F.);
#3654=ORIENTED_EDGE('',*,*,#3653,.T.);
#3656=ORIENTED_EDGE('',*,*,#3655,.F.);
#3658=ORIENTED_EDGE('',*,*,#3657,.F.);
#3659=EDGE_LOOP('',(#3634,#3635,#3636,#3637,#3638,#3640,#3642,#3644,#3645,#3647,
#3649,#3651,#3652,#3654,#3656,#3658));
#3660=FACE_OUTER_BOUND('',#3659,.F.);
#3662=CARTESIAN_POINT('',(2.23E0,2.18E0,-5.E0));
#3663=DIRECTION('',(1.E0,0.E0,0.E0));
#3664=DIRECTION('',(0.E0,1.E0,0.E0));
#3665=AXIS2_PLACEMENT_3D('',#3662,#3663,#3664);
#3666=PLANE('',#3665);
#3668=ORIENTED_EDGE('',*,*,#3667,.F.);
#3670=ORIENTED_EDGE('',*,*,#3669,.T.);
#3671=ORIENTED_EDGE('',*,*,#3639,.F.);
#3672=ORIENTED_EDGE('',*,*,#3619,.T.);
#3674=ORIENTED_EDGE('',*,*,#3673,.T.);
#3675=EDGE_LOOP('',(#3668,#3670,#3671,#3672,#3674));
#3676=FACE_OUTER_BOUND('',#3675,.F.);
#3678=CARTESIAN_POINT('',(1.768326944657E0,2.38E0,-1.4E0));
#3679=DIRECTION('',(1.E0,0.E0,0.E0));
#3680=DIRECTION('',(0.E0,0.E0,1.E0));
#3681=AXIS2_PLACEMENT_3D('',#3678,#3679,#3680);
#3682=CYLINDRICAL_SURFACE('',#3681,2.E-1);
#3683=ORIENTED_EDGE('',*,*,#3667,.T.);
#3685=ORIENTED_EDGE('',*,*,#3684,.F.);
#3687=ORIENTED_EDGE('',*,*,#3686,.T.);
#3689=ORIENTED_EDGE('',*,*,#3688,.T.);
#3690=EDGE_LOOP('',(#3683,#3685,#3687,#3689));
#3691=FACE_OUTER_BOUND('',#3690,.F.);
#3693=CARTESIAN_POINT('',(1.77E0,2.18E0,-5.E0));
#3694=DIRECTION('',(0.E0,-1.E0,0.E0));
#3695=DIRECTION('',(1.E0,0.E0,0.E0));
#3696=AXIS2_PLACEMENT_3D('',#3693,#3694,#3695);
#3697=PLANE('',#3696);
#3698=ORIENTED_EDGE('',*,*,#3684,.T.);
#3699=ORIENTED_EDGE('',*,*,#3673,.F.);
#3700=ORIENTED_EDGE('',*,*,#3617,.F.);
#3702=ORIENTED_EDGE('',*,*,#3701,.T.);
#3703=EDGE_LOOP('',(#3698,#3699,#3700,#3702));
#3704=FACE_OUTER_BOUND('',#3703,.F.);
#3706=CARTESIAN_POINT('',(1.77E0,2.43E0,-5.E0));
#3707=DIRECTION('',(-1.E0,0.E0,0.E0));
#3708=DIRECTION('',(0.E0,-1.E0,0.E0));
#3709=AXIS2_PLACEMENT_3D('',#3706,#3707,#3708);
#3710=PLANE('',#3709);
#3711=ORIENTED_EDGE('',*,*,#3686,.F.);
#3712=ORIENTED_EDGE('',*,*,#3701,.F.);
#3713=ORIENTED_EDGE('',*,*,#3615,.F.);
#3714=ORIENTED_EDGE('',*,*,#3643,.T.);
#3716=ORIENTED_EDGE('',*,*,#3715,.T.);
#3717=EDGE_LOOP('',(#3711,#3712,#3713,#3714,#3716));
#3718=FACE_OUTER_BOUND('',#3717,.F.);
#3720=CARTESIAN_POINT('',(-4.5E0,2.93E0,-1.2E0));
#3721=DIRECTION('',(0.E0,0.E0,1.E0));
#3722=DIRECTION('',(1.E0,0.E0,0.E0));
#3723=AXIS2_PLACEMENT_3D('',#3720,#3721,#3722);
#3724=PLANE('',#3723);
#3725=ORIENTED_EDGE('',*,*,#3688,.F.);
#3726=ORIENTED_EDGE('',*,*,#3715,.F.);
#3727=ORIENTED_EDGE('',*,*,#3641,.T.);
#3728=ORIENTED_EDGE('',*,*,#3669,.F.);
#3729=EDGE_LOOP('',(#3725,#3726,#3727,#3728));
#3730=FACE_OUTER_BOUND('',#3729,.F.);
#3732=CARTESIAN_POINT('',(2.3E-1,2.18E0,-5.E0));
#3733=DIRECTION('',(1.E0,0.E0,0.E0));
#3734=DIRECTION('',(0.E0,1.E0,0.E0));
#3735=AXIS2_PLACEMENT_3D('',#3732,#3733,#3734);
#3736=PLANE('',#3735);
#3738=ORIENTED_EDGE('',*,*,#3737,.F.);
#3740=ORIENTED_EDGE('',*,*,#3739,.T.);
#3741=ORIENTED_EDGE('',*,*,#3646,.F.);
#3742=ORIENTED_EDGE('',*,*,#3611,.T.);
#3744=ORIENTED_EDGE('',*,*,#3743,.T.);
#3745=EDGE_LOOP('',(#3738,#3740,#3741,#3742,#3744));
#3746=FACE_OUTER_BOUND('',#3745,.F.);
#3748=CARTESIAN_POINT('',(-2.316730553426E-1,2.38E0,-1.4E0));
#3749=DIRECTION('',(1.E0,0.E0,0.E0));
#3750=DIRECTION('',(0.E0,0.E0,1.E0));
#3751=AXIS2_PLACEMENT_3D('',#3748,#3749,#3750);
#3752=CYLINDRICAL_SURFACE('',#3751,2.E-1);
#3753=ORIENTED_EDGE('',*,*,#3737,.T.);
#3755=ORIENTED_EDGE('',*,*,#3754,.F.);
#3757=ORIENTED_EDGE('',*,*,#3756,.T.);
#3759=ORIENTED_EDGE('',*,*,#3758,.T.);
#3760=EDGE_LOOP('',(#3753,#3755,#3757,#3759));
#3761=FACE_OUTER_BOUND('',#3760,.F.);
#3763=CARTESIAN_POINT('',(-2.3E-1,2.18E0,-5.E0));
#3764=DIRECTION('',(0.E0,-1.E0,0.E0));
#3765=DIRECTION('',(1.E0,0.E0,0.E0));
#3766=AXIS2_PLACEMENT_3D('',#3763,#3764,#3765);
#3767=PLANE('',#3766);
#3768=ORIENTED_EDGE('',*,*,#3754,.T.);
#3769=ORIENTED_EDGE('',*,*,#3743,.F.);
#3770=ORIENTED_EDGE('',*,*,#3609,.F.);
#3772=ORIENTED_EDGE('',*,*,#3771,.T.);
#3773=EDGE_LOOP('',(#3768,#3769,#3770,#3772));
#3774=FACE_OUTER_BOUND('',#3773,.F.);
#3776=CARTESIAN_POINT('',(-2.3E-1,2.43E0,-5.E0));
#3777=DIRECTION('',(-1.E0,0.E0,0.E0));
#3778=DIRECTION('',(0.E0,-1.E0,0.E0));
#3779=AXIS2_PLACEMENT_3D('',#3776,#3777,#3778);
#3780=PLANE('',#3779);
#3781=ORIENTED_EDGE('',*,*,#3756,.F.);
#3782=ORIENTED_EDGE('',*,*,#3771,.F.);
#3783=ORIENTED_EDGE('',*,*,#3607,.F.);
#3784=ORIENTED_EDGE('',*,*,#3650,.T.);
#3786=ORIENTED_EDGE('',*,*,#3785,.T.);
#3787=EDGE_LOOP('',(#3781,#3782,#3783,#3784,#3786));
#3788=FACE_OUTER_BOUND('',#3787,.F.);
#3790=CARTESIAN_POINT('',(-4.5E0,2.93E0,-1.2E0));
#3791=DIRECTION('',(0.E0,0.E0,1.E0));
#3792=DIRECTION('',(1.E0,0.E0,0.E0));
#3793=AXIS2_PLACEMENT_3D('',#3790,#3791,#3792);
#3794=PLANE('',#3793);
#3795=ORIENTED_EDGE('',*,*,#3758,.F.);
#3796=ORIENTED_EDGE('',*,*,#3785,.F.);
#3797=ORIENTED_EDGE('',*,*,#3648,.T.);
#3798=ORIENTED_EDGE('',*,*,#3739,.F.);
#3799=EDGE_LOOP('',(#3795,#3796,#3797,#3798));
#3800=FACE_OUTER_BOUND('',#3799,.F.);
#3802=CARTESIAN_POINT('',(-1.77E0,2.18E0,-5.E0));
#3803=DIRECTION('',(1.E0,0.E0,0.E0));
#3804=DIRECTION('',(0.E0,1.E0,0.E0));
#3805=AXIS2_PLACEMENT_3D('',#3802,#3803,#3804);
#3806=PLANE('',#3805);
#3808=ORIENTED_EDGE('',*,*,#3807,.F.);
#3810=ORIENTED_EDGE('',*,*,#3809,.T.);
#3811=ORIENTED_EDGE('',*,*,#3653,.F.);
#3812=ORIENTED_EDGE('',*,*,#3603,.T.);
#3814=ORIENTED_EDGE('',*,*,#3813,.T.);
#3815=EDGE_LOOP('',(#3808,#3810,#3811,#3812,#3814));
#3816=FACE_OUTER_BOUND('',#3815,.F.);
#3818=CARTESIAN_POINT('',(-2.231673055343E0,2.38E0,-1.4E0));
#3819=DIRECTION('',(1.E0,0.E0,0.E0));
#3820=DIRECTION('',(0.E0,0.E0,1.E0));
#3821=AXIS2_PLACEMENT_3D('',#3818,#3819,#3820);
#3822=CYLINDRICAL_SURFACE('',#3821,2.E-1);
#3823=ORIENTED_EDGE('',*,*,#3807,.T.);
#3825=ORIENTED_EDGE('',*,*,#3824,.F.);
#3827=ORIENTED_EDGE('',*,*,#3826,.T.);
#3829=ORIENTED_EDGE('',*,*,#3828,.T.);
#3830=EDGE_LOOP('',(#3823,#3825,#3827,#3829));
#3831=FACE_OUTER_BOUND('',#3830,.F.);
#3833=CARTESIAN_POINT('',(-2.23E0,2.18E0,-5.E0));
#3834=DIRECTION('',(0.E0,-1.E0,0.E0));
#3835=DIRECTION('',(1.E0,0.E0,0.E0));
#3836=AXIS2_PLACEMENT_3D('',#3833,#3834,#3835);
#3837=PLANE('',#3836);
#3838=ORIENTED_EDGE('',*,*,#3824,.T.);
#3839=ORIENTED_EDGE('',*,*,#3813,.F.);
#3840=ORIENTED_EDGE('',*,*,#3601,.F.);
#3842=ORIENTED_EDGE('',*,*,#3841,.T.);
#3843=EDGE_LOOP('',(#3838,#3839,#3840,#3842));
#3844=FACE_OUTER_BOUND('',#3843,.F.);
#3846=CARTESIAN_POINT('',(-2.23E0,2.43E0,-5.E0));
#3847=DIRECTION('',(-1.E0,0.E0,0.E0));
#3848=DIRECTION('',(0.E0,-1.E0,0.E0));
#3849=AXIS2_PLACEMENT_3D('',#3846,#3847,#3848);
#3850=PLANE('',#3849);
#3851=ORIENTED_EDGE('',*,*,#3826,.F.);
#3852=ORIENTED_EDGE('',*,*,#3841,.F.);
#3853=ORIENTED_EDGE('',*,*,#3599,.F.);
#3854=ORIENTED_EDGE('',*,*,#3657,.T.);
#3856=ORIENTED_EDGE('',*,*,#3855,.T.);
#3857=EDGE_LOOP('',(#3851,#3852,#3853,#3854,#3856));
#3858=FACE_OUTER_BOUND('',#3857,.F.);
#3860=CARTESIAN_POINT('',(-4.5E0,2.93E0,-1.2E0));
#3861=DIRECTION('',(0.E0,0.E0,1.E0));
#3862=DIRECTION('',(1.E0,0.E0,0.E0));
#3863=AXIS2_PLACEMENT_3D('',#3860,#3861,#3862);
#3864=PLANE('',#3863);
#3865=ORIENTED_EDGE('',*,*,#3828,.F.);
#3866=ORIENTED_EDGE('',*,*,#3855,.F.);
#3867=ORIENTED_EDGE('',*,*,#3655,.T.);
#3868=ORIENTED_EDGE('',*,*,#3809,.F.);
#3869=EDGE_LOOP('',(#3865,#3866,#3867,#3868));
#3870=FACE_OUTER_BOUND('',#3869,.F.);
#3872=CARTESIAN_POINT('',(2.75E0,2.5E-1,-4.3E0));
#3873=DIRECTION('',(-1.E0,0.E0,0.E0));
#3874=DIRECTION('',(0.E0,-1.E0,0.E0));
#3875=AXIS2_PLACEMENT_3D('',#3872,#3873,#3874);
#3876=PLANE('',#3875);
#3877=ORIENTED_EDGE('',*,*,#3538,.F.);
#3879=ORIENTED_EDGE('',*,*,#3878,.T.);
#3881=ORIENTED_EDGE('',*,*,#3880,.T.);
#3883=ORIENTED_EDGE('',*,*,#3882,.F.);
#3884=EDGE_LOOP('',(#3877,#3879,#3881,#3883));
#3885=FACE_OUTER_BOUND('',#3884,.F.);
#3887=CARTESIAN_POINT('',(3.25E0,2.5E-1,-4.3E0));
#3888=DIRECTION('',(0.E0,1.E0,0.E0));
#3889=DIRECTION('',(-1.E0,0.E0,0.E0));
#3890=AXIS2_PLACEMENT_3D('',#3887,#3888,#3889);
#3891=PLANE('',#3890);
#3892=ORIENTED_EDGE('',*,*,#3544,.F.);
#3894=ORIENTED_EDGE('',*,*,#3893,.T.);
#3896=ORIENTED_EDGE('',*,*,#3895,.T.);
#3897=ORIENTED_EDGE('',*,*,#3878,.F.);
#3898=EDGE_LOOP('',(#3892,#3894,#3896,#3897));
#3899=FACE_OUTER_BOUND('',#3898,.F.);
#3901=CARTESIAN_POINT('',(3.25E0,-2.5E-1,-4.3E0));
#3902=DIRECTION('',(1.E0,0.E0,0.E0));
#3903=DIRECTION('',(0.E0,1.E0,0.E0));
#3904=AXIS2_PLACEMENT_3D('',#3901,#3902,#3903);
#3905=PLANE('',#3904);
#3906=ORIENTED_EDGE('',*,*,#3542,.F.);
#3908=ORIENTED_EDGE('',*,*,#3907,.T.);
#3910=ORIENTED_EDGE('',*,*,#3909,.T.);
#3911=ORIENTED_EDGE('',*,*,#3893,.F.);
#3912=EDGE_LOOP('',(#3906,#3908,#3910,#3911));
#3913=FACE_OUTER_BOUND('',#3912,.F.);
#3915=CARTESIAN_POINT('',(2.75E0,-2.5E-1,-4.3E0));
#3916=DIRECTION('',(0.E0,-1.E0,0.E0));
#3917=DIRECTION('',(1.E0,0.E0,0.E0));
#3918=AXIS2_PLACEMENT_3D('',#3915,#3916,#3917);
#3919=PLANE('',#3918);
#3920=ORIENTED_EDGE('',*,*,#3540,.F.);
#3921=ORIENTED_EDGE('',*,*,#3882,.T.);
#3923=ORIENTED_EDGE('',*,*,#3922,.T.);
#3924=ORIENTED_EDGE('',*,*,#3907,.F.);
#3925=EDGE_LOOP('',(#3920,#3921,#3923,#3924));
#3926=FACE_OUTER_BOUND('',#3925,.F.);
#3928=CARTESIAN_POINT('',(-4.5E0,2.93E0,-9.5E-1));
#3929=DIRECTION('',(0.E0,0.E0,1.E0));
#3930=DIRECTION('',(1.E0,0.E0,0.E0));
#3931=AXIS2_PLACEMENT_3D('',#3928,#3929,#3930);
#3932=PLANE('',#3931);
#3933=ORIENTED_EDGE('',*,*,#3880,.F.);
#3934=ORIENTED_EDGE('',*,*,#3895,.F.);
#3935=ORIENTED_EDGE('',*,*,#3909,.F.);
#3936=ORIENTED_EDGE('',*,*,#3922,.F.);
#3937=EDGE_LOOP('',(#3933,#3934,#3935,#3936));
#3938=FACE_OUTER_BOUND('',#3937,.F.);
#3940=CARTESIAN_POINT('',(7.5E-1,2.5E-1,-4.3E0));
#3941=DIRECTION('',(-1.E0,0.E0,0.E0));
#3942=DIRECTION('',(0.E0,-1.E0,0.E0));
#3943=AXIS2_PLACEMENT_3D('',#3940,#3941,#3942);
#3944=PLANE('',#3943);
#3945=ORIENTED_EDGE('',*,*,#3548,.F.);
#3947=ORIENTED_EDGE('',*,*,#3946,.T.);
#3949=ORIENTED_EDGE('',*,*,#3948,.T.);
#3951=ORIENTED_EDGE('',*,*,#3950,.F.);
#3952=EDGE_LOOP('',(#3945,#3947,#3949,#3951));
#3953=FACE_OUTER_BOUND('',#3952,.F.);
#3955=CARTESIAN_POINT('',(1.25E0,2.5E-1,-4.3E0));
#3956=DIRECTION('',(0.E0,1.E0,0.E0));
#3957=DIRECTION('',(-1.E0,0.E0,0.E0));
#3958=AXIS2_PLACEMENT_3D('',#3955,#3956,#3957);
#3959=PLANE('',#3958);
#3960=ORIENTED_EDGE('',*,*,#3554,.F.);
#3962=ORIENTED_EDGE('',*,*,#3961,.T.);
#3964=ORIENTED_EDGE('',*,*,#3963,.T.);
#3965=ORIENTED_EDGE('',*,*,#3946,.F.);
#3966=EDGE_LOOP('',(#3960,#3962,#3964,#3965));
#3967=FACE_OUTER_BOUND('',#3966,.F.);
#3969=CARTESIAN_POINT('',(1.25E0,-2.5E-1,-4.3E0));
#3970=DIRECTION('',(1.E0,0.E0,0.E0));
#3971=DIRECTION('',(0.E0,1.E0,0.E0));
#3972=AXIS2_PLACEMENT_3D('',#3969,#3970,#3971);
#3973=PLANE('',#3972);
#3974=ORIENTED_EDGE('',*,*,#3552,.F.);
#3976=ORIENTED_EDGE('',*,*,#3975,.T.);
#3978=ORIENTED_EDGE('',*,*,#3977,.T.);
#3979=ORIENTED_EDGE('',*,*,#3961,.F.);
#3980=EDGE_LOOP('',(#3974,#3976,#3978,#3979));
#3981=FACE_OUTER_BOUND('',#3980,.F.);
#3983=CARTESIAN_POINT('',(7.5E-1,-2.5E-1,-4.3E0));
#3984=DIRECTION('',(0.E0,-1.E0,0.E0));
#3985=DIRECTION('',(1.E0,0.E0,0.E0));
#3986=AXIS2_PLACEMENT_3D('',#3983,#3984,#3985);
#3987=PLANE('',#3986);
#3988=ORIENTED_EDGE('',*,*,#3550,.F.);
#3989=ORIENTED_EDGE('',*,*,#3950,.T.);
#3991=ORIENTED_EDGE('',*,*,#3990,.T.);
#3992=ORIENTED_EDGE('',*,*,#3975,.F.);
#3993=EDGE_LOOP('',(#3988,#3989,#3991,#3992));
#3994=FACE_OUTER_BOUND('',#3993,.F.);
#3996=CARTESIAN_POINT('',(-4.5E0,2.93E0,-9.5E-1));
#3997=DIRECTION('',(0.E0,0.E0,1.E0));
#3998=DIRECTION('',(1.E0,0.E0,0.E0));
#3999=AXIS2_PLACEMENT_3D('',#3996,#3997,#3998);
#4000=PLANE('',#3999);
#4001=ORIENTED_EDGE('',*,*,#3948,.F.);
#4002=ORIENTED_EDGE('',*,*,#3963,.F.);
#4003=ORIENTED_EDGE('',*,*,#3977,.F.);
#4004=ORIENTED_EDGE('',*,*,#3990,.F.);
#4005=EDGE_LOOP('',(#4001,#4002,#4003,#4004));
#4006=FACE_OUTER_BOUND('',#4005,.F.);
#4008=CARTESIAN_POINT('',(-1.25E0,2.5E-1,-4.3E0));
#4009=DIRECTION('',(-1.E0,0.E0,0.E0));
#4010=DIRECTION('',(0.E0,-1.E0,0.E0));
#4011=AXIS2_PLACEMENT_3D('',#4008,#4009,#4010);
#4012=PLANE('',#4011);
#4013=ORIENTED_EDGE('',*,*,#3558,.F.);
#4015=ORIENTED_EDGE('',*,*,#4014,.T.);
#4017=ORIENTED_EDGE('',*,*,#4016,.T.);
#4019=ORIENTED_EDGE('',*,*,#4018,.F.);
#4020=EDGE_LOOP('',(#4013,#4015,#4017,#4019));
#4021=FACE_OUTER_BOUND('',#4020,.F.);
#4023=CARTESIAN_POINT('',(-7.5E-1,2.5E-1,-4.3E0));
#4024=DIRECTION('',(0.E0,1.E0,0.E0));
#4025=DIRECTION('',(-1.E0,0.E0,0.E0));
#4026=AXIS2_PLACEMENT_3D('',#4023,#4024,#4025);
#4027=PLANE('',#4026);
#4028=ORIENTED_EDGE('',*,*,#3564,.F.);
#4030=ORIENTED_EDGE('',*,*,#4029,.T.);
#4032=ORIENTED_EDGE('',*,*,#4031,.T.);
#4033=ORIENTED_EDGE('',*,*,#4014,.F.);
#4034=EDGE_LOOP('',(#4028,#4030,#4032,#4033));
#4035=FACE_OUTER_BOUND('',#4034,.F.);
#4037=CARTESIAN_POINT('',(-7.5E-1,-2.5E-1,-4.3E0));
#4038=DIRECTION('',(1.E0,0.E0,0.E0));
#4039=DIRECTION('',(0.E0,1.E0,0.E0));
#4040=AXIS2_PLACEMENT_3D('',#4037,#4038,#4039);
#4041=PLANE('',#4040);
#4042=ORIENTED_EDGE('',*,*,#3562,.F.);
#4044=ORIENTED_EDGE('',*,*,#4043,.T.);
#4046=ORIENTED_EDGE('',*,*,#4045,.T.);
#4047=ORIENTED_EDGE('',*,*,#4029,.F.);
#4048=EDGE_LOOP('',(#4042,#4044,#4046,#4047));
#4049=FACE_OUTER_BOUND('',#4048,.F.);
#4051=CARTESIAN_POINT('',(-1.25E0,-2.5E-1,-4.3E0));
#4052=DIRECTION('',(0.E0,-1.E0,0.E0));
#4053=DIRECTION('',(1.E0,0.E0,0.E0));
#4054=AXIS2_PLACEMENT_3D('',#4051,#4052,#4053);
#4055=PLANE('',#4054);
#4056=ORIENTED_EDGE('',*,*,#3560,.F.);
#4057=ORIENTED_EDGE('',*,*,#4018,.T.);
#4059=ORIENTED_EDGE('',*,*,#4058,.T.);
#4060=ORIENTED_EDGE('',*,*,#4043,.F.);
#4061=EDGE_LOOP('',(#4056,#4057,#4059,#4060));
#4062=FACE_OUTER_BOUND('',#4061,.F.);
#4064=CARTESIAN_POINT('',(-4.5E0,2.93E0,-9.5E-1));
#4065=DIRECTION('',(0.E0,0.E0,1.E0));
#4066=DIRECTION('',(1.E0,0.E0,0.E0));
#4067=AXIS2_PLACEMENT_3D('',#4064,#4065,#4066);
#4068=PLANE('',#4067);
#4069=ORIENTED_EDGE('',*,*,#4016,.F.);
#4070=ORIENTED_EDGE('',*,*,#4031,.F.);
#4071=ORIENTED_EDGE('',*,*,#4045,.F.);
#4072=ORIENTED_EDGE('',*,*,#4058,.F.);
#4073=EDGE_LOOP('',(#4069,#4070,#4071,#4072));
#4074=FACE_OUTER_BOUND('',#4073,.F.);
#4076=CARTESIAN_POINT('',(-3.25E0,2.5E-1,-4.3E0));
#4077=DIRECTION('',(-1.E0,0.E0,0.E0));
#4078=DIRECTION('',(0.E0,-1.E0,0.E0));
#4079=AXIS2_PLACEMENT_3D('',#4076,#4077,#4078);
#4080=PLANE('',#4079);
#4081=ORIENTED_EDGE('',*,*,#3568,.F.);
#4083=ORIENTED_EDGE('',*,*,#4082,.T.);
#4085=ORIENTED_EDGE('',*,*,#4084,.T.);
#4087=ORIENTED_EDGE('',*,*,#4086,.F.);
#4088=EDGE_LOOP('',(#4081,#4083,#4085,#4087));
#4089=FACE_OUTER_BOUND('',#4088,.F.);
#4091=CARTESIAN_POINT('',(-2.75E0,2.5E-1,-4.3E0));
#4092=DIRECTION('',(0.E0,1.E0,0.E0));
#4093=DIRECTION('',(-1.E0,0.E0,0.E0));
#4094=AXIS2_PLACEMENT_3D('',#4091,#4092,#4093);
#4095=PLANE('',#4094);
#4096=ORIENTED_EDGE('',*,*,#3574,.F.);
#4098=ORIENTED_EDGE('',*,*,#4097,.T.);
#4100=ORIENTED_EDGE('',*,*,#4099,.T.);
#4101=ORIENTED_EDGE('',*,*,#4082,.F.);
#4102=EDGE_LOOP('',(#4096,#4098,#4100,#4101));
#4103=FACE_OUTER_BOUND('',#4102,.F.);
#4105=CARTESIAN_POINT('',(-2.75E0,-2.5E-1,-4.3E0));
#4106=DIRECTION('',(1.E0,0.E0,0.E0));
#4107=DIRECTION('',(0.E0,1.E0,0.E0));
#4108=AXIS2_PLACEMENT_3D('',#4105,#4106,#4107);
#4109=PLANE('',#4108);
#4110=ORIENTED_EDGE('',*,*,#3572,.F.);
#4112=ORIENTED_EDGE('',*,*,#4111,.T.);
#4114=ORIENTED_EDGE('',*,*,#4113,.T.);
#4115=ORIENTED_EDGE('',*,*,#4097,.F.);
#4116=EDGE_LOOP('',(#4110,#4112,#4114,#4115));
#4117=FACE_OUTER_BOUND('',#4116,.F.);
#4119=CARTESIAN_POINT('',(-3.25E0,-2.5E-1,-4.3E0));
#4120=DIRECTION('',(0.E0,-1.E0,0.E0));
#4121=DIRECTION('',(1.E0,0.E0,0.E0));
#4122=AXIS2_PLACEMENT_3D('',#4119,#4120,#4121);
#4123=PLANE('',#4122);
#4124=ORIENTED_EDGE('',*,*,#3570,.F.);
#4125=ORIENTED_EDGE('',*,*,#4086,.T.);
#4127=ORIENTED_EDGE('',*,*,#4126,.T.);
#4128=ORIENTED_EDGE('',*,*,#4111,.F.);
#4129=EDGE_LOOP('',(#4124,#4125,#4127,#4128));
#4130=FACE_OUTER_BOUND('',#4129,.F.);
#4132=CARTESIAN_POINT('',(-4.5E0,2.93E0,-9.5E-1));
#4133=DIRECTION('',(0.E0,0.E0,1.E0));
#4134=DIRECTION('',(1.E0,0.E0,0.E0));
#4135=AXIS2_PLACEMENT_3D('',#4132,#4133,#4134);
#4136=PLANE('',#4135);
#4137=ORIENTED_EDGE('',*,*,#4084,.F.);
#4138=ORIENTED_EDGE('',*,*,#4099,.F.);
#4139=ORIENTED_EDGE('',*,*,#4113,.F.);
#4140=ORIENTED_EDGE('',*,*,#4126,.F.);
#4141=EDGE_LOOP('',(#4137,#4138,#4139,#4140));
#4142=FACE_OUTER_BOUND('',#4141,.F.);
#4144=CARTESIAN_POINT('',(3.25E0,-1.27E0,-1.E-1));
#4145=DIRECTION('',(0.E0,7.071067811865E-1,7.071067811865E-1));
#4146=DIRECTION('',(0.E0,7.071067811865E-1,-7.071067811865E-1));
#4147=AXIS2_PLACEMENT_3D('',#4144,#4145,#4146);
#4148=PLANE('',#4147);
#4149=ORIENTED_EDGE('',*,*,#3340,.F.);
#4150=ORIENTED_EDGE('',*,*,#2595,.T.);
#4151=ORIENTED_EDGE('',*,*,#2518,.T.);
#4152=ORIENTED_EDGE('',*,*,#3301,.T.);
#4153=EDGE_LOOP('',(#4149,#4150,#4151,#4152));
#4154=FACE_OUTER_BOUND('',#4153,.F.);
#4156=CARTESIAN_POINT('',(1.8E0,2.93E0,-5.87E0));
#4157=DIRECTION('',(1.E0,0.E0,0.E0));
#4158=DIRECTION('',(0.E0,0.E0,-1.E0));
#4159=AXIS2_PLACEMENT_3D('',#4156,#4157,#4158);
#4160=PLANE('',#4159);
#4161=ORIENTED_EDGE('',*,*,#2891,.T.);
#4162=ORIENTED_EDGE('',*,*,#2833,.T.);
#4164=ORIENTED_EDGE('',*,*,#4163,.T.);
#4165=ORIENTED_EDGE('',*,*,#3027,.F.);
#4166=EDGE_LOOP('',(#4161,#4162,#4164,#4165));
#4167=FACE_OUTER_BOUND('',#4166,.F.);
#4169=CARTESIAN_POINT('',(2.E-1,2.93E0,-5.87E0));
#4170=DIRECTION('',(0.E0,0.E0,1.E0));
#4171=DIRECTION('',(1.E0,0.E0,0.E0));
#4172=AXIS2_PLACEMENT_3D('',#4169,#4170,#4171);
#4173=PLANE('',#4172);
#4174=ORIENTED_EDGE('',*,*,#2831,.F.);
#4176=ORIENTED_EDGE('',*,*,#4175,.T.);
#4177=ORIENTED_EDGE('',*,*,#3029,.T.);
#4178=ORIENTED_EDGE('',*,*,#4163,.F.);
#4179=EDGE_LOOP('',(#4174,#4176,#4177,#4178));
#4180=FACE_OUTER_BOUND('',#4179,.F.);
#4182=ORIENTED_EDGE('',*,*,#4181,.T.);
#4184=ORIENTED_EDGE('',*,*,#4183,.T.);
#4186=ORIENTED_EDGE('',*,*,#4185,.T.);
#4188=ORIENTED_EDGE('',*,*,#4187,.T.);
#4189=EDGE_LOOP('',(#4182,#4184,#4186,#4188));
#4190=FACE_BOUND('',#4189,.F.);
#4192=CARTESIAN_POINT('',(2.E-1,2.93E0,-6.07E0));
#4193=DIRECTION('',(-1.E0,0.E0,0.E0));
#4194=DIRECTION('',(0.E0,0.E0,1.E0));
#4195=AXIS2_PLACEMENT_3D('',#4192,#4193,#4194);
#4196=PLANE('',#4195);
#4197=ORIENTED_EDGE('',*,*,#2910,.F.);
#4198=ORIENTED_EDGE('',*,*,#3031,.T.);
#4199=ORIENTED_EDGE('',*,*,#4175,.F.);
#4200=ORIENTED_EDGE('',*,*,#2829,.F.);
#4201=EDGE_LOOP('',(#4197,#4198,#4199,#4200));
#4202=FACE_OUTER_BOUND('',#4201,.F.);
#4204=CARTESIAN_POINT('',(7.5E-1,2.5E-1,-5.87E0));
#4205=DIRECTION('',(0.E0,1.E0,0.E0));
#4206=DIRECTION('',(1.E0,0.E0,0.E0));
#4207=AXIS2_PLACEMENT_3D('',#4204,#4205,#4206);
#4208=PLANE('',#4207);
#4209=ORIENTED_EDGE('',*,*,#4181,.F.);
#4211=ORIENTED_EDGE('',*,*,#4210,.T.);
#4213=ORIENTED_EDGE('',*,*,#4212,.T.);
#4215=ORIENTED_EDGE('',*,*,#4214,.F.);
#4216=EDGE_LOOP('',(#4209,#4211,#4213,#4215));
#4217=FACE_OUTER_BOUND('',#4216,.F.);
#4219=CARTESIAN_POINT('',(7.5E-1,-2.5E-1,-5.87E0));
#4220=DIRECTION('',(-1.E0,0.E0,0.E0));
#4221=DIRECTION('',(0.E0,1.E0,0.E0));
#4222=AXIS2_PLACEMENT_3D('',#4219,#4220,#4221);
#4223=PLANE('',#4222);
#4224=ORIENTED_EDGE('',*,*,#4187,.F.);
#4226=ORIENTED_EDGE('',*,*,#4225,.T.);
#4228=ORIENTED_EDGE('',*,*,#4227,.T.);
#4229=ORIENTED_EDGE('',*,*,#4210,.F.);
#4230=EDGE_LOOP('',(#4224,#4226,#4228,#4229));
#4231=FACE_OUTER_BOUND('',#4230,.F.);
#4233=CARTESIAN_POINT('',(1.25E0,-2.5E-1,-5.87E0));
#4234=DIRECTION('',(0.E0,-1.E0,0.E0));
#4235=DIRECTION('',(-1.E0,0.E0,0.E0));
#4236=AXIS2_PLACEMENT_3D('',#4233,#4234,#4235);
#4237=PLANE('',#4236);
#4238=ORIENTED_EDGE('',*,*,#4185,.F.);
#4240=ORIENTED_EDGE('',*,*,#4239,.T.);
#4242=ORIENTED_EDGE('',*,*,#4241,.T.);
#4243=ORIENTED_EDGE('',*,*,#4225,.F.);
#4244=EDGE_LOOP('',(#4238,#4240,#4242,#4243));
#4245=FACE_OUTER_BOUND('',#4244,.F.);
#4247=CARTESIAN_POINT('',(1.25E0,2.5E-1,-5.87E0));
#4248=DIRECTION('',(1.E0,0.E0,0.E0));
#4249=DIRECTION('',(0.E0,-1.E0,0.E0));
#4250=AXIS2_PLACEMENT_3D('',#4247,#4248,#4249);
#4251=PLANE('',#4250);
#4252=ORIENTED_EDGE('',*,*,#4183,.F.);
#4253=ORIENTED_EDGE('',*,*,#4214,.T.);
#4255=ORIENTED_EDGE('',*,*,#4254,.T.);
#4256=ORIENTED_EDGE('',*,*,#4239,.F.);
#4257=EDGE_LOOP('',(#4252,#4253,#4255,#4256));
#4258=FACE_OUTER_BOUND('',#4257,.F.);
#4260=CARTESIAN_POINT('',(3.25E0,-2.5E-1,-9.47E0));
#4261=DIRECTION('',(0.E0,0.E0,-1.E0));
#4262=DIRECTION('',(0.E0,1.E0,0.E0));
#4263=AXIS2_PLACEMENT_3D('',#4260,#4261,#4262);
#4264=PLANE('',#4263);
#4265=ORIENTED_EDGE('',*,*,#4212,.F.);
#4266=ORIENTED_EDGE('',*,*,#4227,.F.);
#4267=ORIENTED_EDGE('',*,*,#4241,.F.);
#4268=ORIENTED_EDGE('',*,*,#4254,.F.);
#4269=EDGE_LOOP('',(#4265,#4266,#4267,#4268));
#4270=FACE_OUTER_BOUND('',#4269,.F.);
#4272=CARTESIAN_POINT('',(-2.E-1,2.93E0,-5.87E0));
#4273=DIRECTION('',(1.E0,0.E0,0.E0));
#4274=DIRECTION('',(0.E0,0.E0,-1.E0));
#4275=AXIS2_PLACEMENT_3D('',#4272,#4273,#4274);
#4276=PLANE('',#4275);
#4277=ORIENTED_EDGE('',*,*,#2906,.T.);
#4278=ORIENTED_EDGE('',*,*,#2825,.T.);
#4280=ORIENTED_EDGE('',*,*,#4279,.T.);
#4281=ORIENTED_EDGE('',*,*,#3034,.F.);
#4282=EDGE_LOOP('',(#4277,#4278,#4280,#4281));
#4283=FACE_OUTER_BOUND('',#4282,.F.);
#4285=CARTESIAN_POINT('',(-1.8E0,2.93E0,-5.87E0));
#4286=DIRECTION('',(0.E0,0.E0,1.E0));
#4287=DIRECTION('',(1.E0,0.E0,0.E0));
#4288=AXIS2_PLACEMENT_3D('',#4285,#4286,#4287);
#4289=PLANE('',#4288);
#4290=ORIENTED_EDGE('',*,*,#2823,.F.);
#4292=ORIENTED_EDGE('',*,*,#4291,.T.);
#4293=ORIENTED_EDGE('',*,*,#3036,.T.);
#4294=ORIENTED_EDGE('',*,*,#4279,.F.);
#4295=EDGE_LOOP('',(#4290,#4292,#4293,#4294));
#4296=FACE_OUTER_BOUND('',#4295,.F.);
#4298=ORIENTED_EDGE('',*,*,#4297,.F.);
#4300=ORIENTED_EDGE('',*,*,#4299,.F.);
#4302=ORIENTED_EDGE('',*,*,#4301,.F.);
#4304=ORIENTED_EDGE('',*,*,#4303,.T.);
#4305=EDGE_LOOP('',(#4298,#4300,#4302,#4304));
#4306=FACE_BOUND('',#4305,.F.);
#4308=CARTESIAN_POINT('',(-1.8E0,2.93E0,-6.07E0));
#4309=DIRECTION('',(-1.E0,0.E0,0.E0));
#4310=DIRECTION('',(0.E0,0.E0,1.E0));
#4311=AXIS2_PLACEMENT_3D('',#4308,#4309,#4310);
#4312=PLANE('',#4311);
#4313=ORIENTED_EDGE('',*,*,#2942,.F.);
#4314=ORIENTED_EDGE('',*,*,#3038,.T.);
#4315=ORIENTED_EDGE('',*,*,#4291,.F.);
#4316=ORIENTED_EDGE('',*,*,#2821,.F.);
#4317=EDGE_LOOP('',(#4313,#4314,#4315,#4316));
#4318=FACE_OUTER_BOUND('',#4317,.F.);
#4320=CARTESIAN_POINT('',(-7.5E-1,2.93E0,-9.5E-1));
#4321=DIRECTION('',(1.E0,0.E0,0.E0));
#4322=DIRECTION('',(0.E0,0.E0,-1.E0));
#4323=AXIS2_PLACEMENT_3D('',#4320,#4321,#4322);
#4324=PLANE('',#4323);
#4325=ORIENTED_EDGE('',*,*,#4297,.T.);
#4327=ORIENTED_EDGE('',*,*,#4326,.F.);
#4329=ORIENTED_EDGE('',*,*,#4328,.F.);
#4331=ORIENTED_EDGE('',*,*,#4330,.F.);
#4333=ORIENTED_EDGE('',*,*,#4332,.F.);
#4335=ORIENTED_EDGE('',*,*,#4334,.F.);
#4337=ORIENTED_EDGE('',*,*,#4336,.F.);
#4339=ORIENTED_EDGE('',*,*,#4338,.F.);
#4341=ORIENTED_EDGE('',*,*,#4340,.F.);
#4343=ORIENTED_EDGE('',*,*,#4342,.F.);
#4345=ORIENTED_EDGE('',*,*,#4344,.F.);
#4347=ORIENTED_EDGE('',*,*,#4346,.F.);
#4349=ORIENTED_EDGE('',*,*,#4348,.F.);
#4351=ORIENTED_EDGE('',*,*,#4350,.F.);
#4352=EDGE_LOOP('',(#4325,#4327,#4329,#4331,#4333,#4335,#4337,#4339,#4341,#4343,
#4345,#4347,#4349,#4351));
#4353=FACE_OUTER_BOUND('',#4352,.F.);
#4355=CARTESIAN_POINT('',(-7.5E-1,2.5E-1,-6.069506977676E0));
#4356=DIRECTION('',(0.E0,1.E0,0.E0));
#4357=DIRECTION('',(0.E0,0.E0,1.E0));
#4358=AXIS2_PLACEMENT_3D('',#4355,#4356,#4357);
#4359=PLANE('',#4358);
#4360=ORIENTED_EDGE('',*,*,#4303,.F.);
#4362=ORIENTED_EDGE('',*,*,#4361,.F.);
#4364=ORIENTED_EDGE('',*,*,#4363,.F.);
#4365=ORIENTED_EDGE('',*,*,#4326,.T.);
#4366=EDGE_LOOP('',(#4360,#4362,#4364,#4365));
#4367=FACE_OUTER_BOUND('',#4366,.F.);
#4369=CARTESIAN_POINT('',(-1.25E0,2.5E-1,-4.3E0));
#4370=DIRECTION('',(-1.E0,0.E0,0.E0));
#4371=DIRECTION('',(0.E0,-1.E0,0.E0));
#4372=AXIS2_PLACEMENT_3D('',#4369,#4370,#4371);
#4373=PLANE('',#4372);
#4374=ORIENTED_EDGE('',*,*,#4301,.T.);
#4376=ORIENTED_EDGE('',*,*,#4375,.T.);
#4378=ORIENTED_EDGE('',*,*,#4377,.T.);
#4380=ORIENTED_EDGE('',*,*,#4379,.T.);
#4382=ORIENTED_EDGE('',*,*,#4381,.T.);
#4384=ORIENTED_EDGE('',*,*,#4383,.T.);
#4386=ORIENTED_EDGE('',*,*,#4385,.T.);
#4388=ORIENTED_EDGE('',*,*,#4387,.T.);
#4390=ORIENTED_EDGE('',*,*,#4389,.T.);
#4392=ORIENTED_EDGE('',*,*,#4391,.T.);
#4394=ORIENTED_EDGE('',*,*,#4393,.T.);
#4396=ORIENTED_EDGE('',*,*,#4395,.T.);
#4398=ORIENTED_EDGE('',*,*,#4397,.T.);
#4399=ORIENTED_EDGE('',*,*,#4361,.T.);
#4400=EDGE_LOOP('',(#4374,#4376,#4378,#4380,#4382,#4384,#4386,#4388,#4390,#4392,
#4394,#4396,#4398,#4399));
#4401=FACE_OUTER_BOUND('',#4400,.F.);
#4403=CARTESIAN_POINT('',(-7.5E-1,-2.5E-1,-5.87E0));
#4404=DIRECTION('',(0.E0,-1.E0,0.E0));
#4405=DIRECTION('',(0.E0,0.E0,-1.E0));
#4406=AXIS2_PLACEMENT_3D('',#4403,#4404,#4405);
#4407=PLANE('',#4406);
#4408=ORIENTED_EDGE('',*,*,#4299,.T.);
#4409=ORIENTED_EDGE('',*,*,#4350,.T.);
#4411=ORIENTED_EDGE('',*,*,#4410,.T.);
#4412=ORIENTED_EDGE('',*,*,#4375,.F.);
#4413=EDGE_LOOP('',(#4408,#4409,#4411,#4412));
#4414=FACE_OUTER_BOUND('',#4413,.F.);
#4416=CARTESIAN_POINT('',(-7.5E-1,-2.5E-1,-6.072E0));
#4417=DIRECTION('',(0.E0,-9.934293624530E-1,-1.144469388678E-1));
#4418=DIRECTION('',(0.E0,1.144469388678E-1,-9.934293624530E-1));
#4419=AXIS2_PLACEMENT_3D('',#4416,#4417,#4418);
#4420=PLANE('',#4419);
#4421=ORIENTED_EDGE('',*,*,#4348,.T.);
#4423=ORIENTED_EDGE('',*,*,#4422,.T.);
#4424=ORIENTED_EDGE('',*,*,#4377,.F.);
#4425=ORIENTED_EDGE('',*,*,#4410,.F.);
#4426=EDGE_LOOP('',(#4421,#4423,#4424,#4425));
#4427=FACE_OUTER_BOUND('',#4426,.F.);
#4429=CARTESIAN_POINT('',(-7.5E-1,-6.787334256608E-1,-7.610561258391E0));
#4430=DIRECTION('',(1.E0,0.E0,0.E0));
#4431=DIRECTION('',(0.E0,0.E0,-1.E0));
#4432=AXIS2_PLACEMENT_3D('',#4429,#4430,#4431);
#4433=CYLINDRICAL_SURFACE('',#4432,6.02E-1);
#4434=ORIENTED_EDGE('',*,*,#4346,.T.);
#4436=ORIENTED_EDGE('',*,*,#4435,.T.);
#4437=ORIENTED_EDGE('',*,*,#4379,.F.);
#4438=ORIENTED_EDGE('',*,*,#4422,.F.);
#4439=EDGE_LOOP('',(#4434,#4436,#4437,#4438));
#4440=FACE_OUTER_BOUND('',#4439,.F.);
#4442=CARTESIAN_POINT('',(-7.5E-1,-8.481831038818E-2,-7.708891497132E0));
#4443=DIRECTION('',(0.E0,-9.865699589246E-1,1.633392670104E-1));
#4444=DIRECTION('',(0.E0,-1.633392670104E-1,-9.865699589246E-1));
#4445=AXIS2_PLACEMENT_3D('',#4442,#4443,#4444);
#4446=PLANE('',#4445);
#4447=ORIENTED_EDGE('',*,*,#4344,.T.);
#4449=ORIENTED_EDGE('',*,*,#4448,.T.);
#4450=ORIENTED_EDGE('',*,*,#4381,.F.);
#4451=ORIENTED_EDGE('',*,*,#4435,.F.);
#4452=EDGE_LOOP('',(#4447,#4449,#4450,#4451));
#4453=FACE_OUTER_BOUND('',#4452,.F.);
#4455=CARTESIAN_POINT('',(-7.5E-1,9.5E-1,-8.805255802565E0));
#4456=DIRECTION('',(1.E0,0.E0,0.E0));
#4457=DIRECTION('',(0.E0,0.E0,-1.E0));
#4458=AXIS2_PLACEMENT_3D('',#4455,#4456,#4457);
#4459=CYLINDRICAL_SURFACE('',#4458,1.2E0);
#4460=ORIENTED_EDGE('',*,*,#4342,.T.);
#4462=ORIENTED_EDGE('',*,*,#4461,.T.);
#4463=ORIENTED_EDGE('',*,*,#4383,.F.);
#4464=ORIENTED_EDGE('',*,*,#4448,.F.);
#4465=EDGE_LOOP('',(#4460,#4462,#4463,#4464));
#4466=FACE_OUTER_BOUND('',#4465,.F.);
#4468=CARTESIAN_POINT('',(-7.5E-1,-2.5E-1,-8.805255802565E0));
#4469=DIRECTION('',(0.E0,-1.E0,0.E0));
#4470=DIRECTION('',(0.E0,0.E0,-1.E0));
#4471=AXIS2_PLACEMENT_3D('',#4468,#4469,#4470);
#4472=PLANE('',#4471);
#4473=ORIENTED_EDGE('',*,*,#4340,.T.);
#4475=ORIENTED_EDGE('',*,*,#4474,.T.);
#4476=ORIENTED_EDGE('',*,*,#4385,.F.);
#4477=ORIENTED_EDGE('',*,*,#4461,.F.);
#4478=EDGE_LOOP('',(#4473,#4475,#4476,#4477));
#4479=FACE_OUTER_BOUND('',#4478,.F.);
#4481=CARTESIAN_POINT('',(-7.5E-1,-2.5E-1,-9.47E0));
#4482=DIRECTION('',(0.E0,0.E0,-1.E0));
#4483=DIRECTION('',(0.E0,1.E0,0.E0));
#4484=AXIS2_PLACEMENT_3D('',#4481,#4482,#4483);
#4485=PLANE('',#4484);
#4486=ORIENTED_EDGE('',*,*,#4338,.T.);
#4488=ORIENTED_EDGE('',*,*,#4487,.T.);
#4489=ORIENTED_EDGE('',*,*,#4387,.F.);
#4490=ORIENTED_EDGE('',*,*,#4474,.F.);
#4491=EDGE_LOOP('',(#4486,#4488,#4489,#4490));
#4492=FACE_OUTER_BOUND('',#4491,.F.);
#4494=CARTESIAN_POINT('',(-7.5E-1,2.5E-1,-9.47E0));
#4495=DIRECTION('',(0.E0,1.E0,0.E0));
#4496=DIRECTION('',(0.E0,0.E0,1.E0));
#4497=AXIS2_PLACEMENT_3D('',#4494,#4495,#4496);
#4498=PLANE('',#4497);
#4499=ORIENTED_EDGE('',*,*,#4336,.T.);
#4501=ORIENTED_EDGE('',*,*,#4500,.T.);
#4502=ORIENTED_EDGE('',*,*,#4389,.F.);
#4503=ORIENTED_EDGE('',*,*,#4487,.F.);
#4504=EDGE_LOOP('',(#4499,#4501,#4502,#4503));
#4505=FACE_OUTER_BOUND('',#4504,.F.);
#4507=CARTESIAN_POINT('',(-7.5E-1,1.45E0,-8.828E0));
#4508=DIRECTION('',(1.E0,0.E0,0.E0));
#4509=DIRECTION('',(0.E0,0.E0,-1.E0));
#4510=AXIS2_PLACEMENT_3D('',#4507,#4508,#4509);
#4511=CYLINDRICAL_SURFACE('',#4510,1.2E0);
#4512=ORIENTED_EDGE('',*,*,#4334,.T.);
#4514=ORIENTED_EDGE('',*,*,#4513,.T.);
#4515=ORIENTED_EDGE('',*,*,#4391,.F.);
#4516=ORIENTED_EDGE('',*,*,#4500,.F.);
#4517=EDGE_LOOP('',(#4512,#4514,#4515,#4516));
#4518=FACE_OUTER_BOUND('',#4517,.F.);
#4520=CARTESIAN_POINT('',(-7.5E-1,2.661160492905E-1,-8.631992879588E0));
#4521=DIRECTION('',(0.E0,9.865699589246E-1,-1.633392670104E-1));
#4522=DIRECTION('',(0.E0,1.633392670104E-1,9.865699589246E-1));
#4523=AXIS2_PLACEMENT_3D('',#4520,#4521,#4522);
#4524=PLANE('',#4523);
#4525=ORIENTED_EDGE('',*,*,#4332,.T.);
#4527=ORIENTED_EDGE('',*,*,#4526,.T.);
#4528=ORIENTED_EDGE('',*,*,#4393,.F.);
#4529=ORIENTED_EDGE('',*,*,#4513,.F.);
#4530=EDGE_LOOP('',(#4525,#4527,#4528,#4529));
#4531=FACE_OUTER_BOUND('',#4530,.F.);
#4533=CARTESIAN_POINT('',(-7.5E-1,-1.75E-1,-7.623E0));
#4534=DIRECTION('',(1.E0,0.E0,0.E0));
#4535=DIRECTION('',(0.E0,0.E0,-1.E0));
#4536=AXIS2_PLACEMENT_3D('',#4533,#4534,#4535);
#4537=CYLINDRICAL_SURFACE('',#4536,6.E-1);
#4538=ORIENTED_EDGE('',*,*,#4330,.T.);
#4540=ORIENTED_EDGE('',*,*,#4539,.T.);
#4541=ORIENTED_EDGE('',*,*,#4395,.F.);
#4542=ORIENTED_EDGE('',*,*,#4526,.F.);
#4543=EDGE_LOOP('',(#4538,#4540,#4541,#4542));
#4544=FACE_OUTER_BOUND('',#4543,.F.);
#4546=CARTESIAN_POINT('',(-7.5E-1,4.210576174718E-1,-7.554331836679E0));
#4547=DIRECTION('',(0.E0,9.934293624530E-1,1.144469388678E-1));
#4548=DIRECTION('',(0.E0,-1.144469388678E-1,9.934293624530E-1));
#4549=AXIS2_PLACEMENT_3D('',#4546,#4547,#4548);
#4550=PLANE('',#4549);
#4551=ORIENTED_EDGE('',*,*,#4328,.T.);
#4552=ORIENTED_EDGE('',*,*,#4363,.T.);
#4553=ORIENTED_EDGE('',*,*,#4397,.F.);
#4554=ORIENTED_EDGE('',*,*,#4539,.F.);
#4555=EDGE_LOOP('',(#4551,#4552,#4553,#4554));
#4556=FACE_OUTER_BOUND('',#4555,.F.);
#4558=CARTESIAN_POINT('',(-2.2E0,2.93E0,-5.87E0));
#4559=DIRECTION('',(1.E0,0.E0,0.E0));
#4560=DIRECTION('',(0.E0,0.E0,-1.E0));
#4561=AXIS2_PLACEMENT_3D('',#4558,#4559,#4560);
#4562=PLANE('',#4561);
#4563=ORIENTED_EDGE('',*,*,#2938,.T.);
#4564=ORIENTED_EDGE('',*,*,#2817,.T.);
#4566=ORIENTED_EDGE('',*,*,#4565,.T.);
#4567=ORIENTED_EDGE('',*,*,#3041,.F.);
#4568=EDGE_LOOP('',(#4563,#4564,#4566,#4567));
#4569=FACE_OUTER_BOUND('',#4568,.F.);
#4571=CARTESIAN_POINT('',(-3.8E0,2.93E0,-5.87E0));
#4572=DIRECTION('',(0.E0,0.E0,1.E0));
#4573=DIRECTION('',(1.E0,0.E0,0.E0));
#4574=AXIS2_PLACEMENT_3D('',#4571,#4572,#4573);
#4575=PLANE('',#4574);
#4576=ORIENTED_EDGE('',*,*,#2815,.F.);
#4577=ORIENTED_EDGE('',*,*,#2863,.T.);
#4578=ORIENTED_EDGE('',*,*,#3043,.T.);
#4579=ORIENTED_EDGE('',*,*,#4565,.F.);
#4580=EDGE_LOOP('',(#4576,#4577,#4578,#4579));
#4581=FACE_OUTER_BOUND('',#4580,.F.);
#4583=ORIENTED_EDGE('',*,*,#4582,.F.);
#4585=ORIENTED_EDGE('',*,*,#4584,.F.);
#4587=ORIENTED_EDGE('',*,*,#4586,.F.);
#4589=ORIENTED_EDGE('',*,*,#4588,.T.);
#4590=EDGE_LOOP('',(#4583,#4585,#4587,#4589));
#4591=FACE_BOUND('',#4590,.F.);
#4593=CARTESIAN_POINT('',(-2.75E0,2.93E0,-9.5E-1));
#4594=DIRECTION('',(1.E0,0.E0,0.E0));
#4595=DIRECTION('',(0.E0,0.E0,-1.E0));
#4596=AXIS2_PLACEMENT_3D('',#4593,#4594,#4595);
#4597=PLANE('',#4596);
#4598=ORIENTED_EDGE('',*,*,#4582,.T.);
#4600=ORIENTED_EDGE('',*,*,#4599,.F.);
#4602=ORIENTED_EDGE('',*,*,#4601,.F.);
#4604=ORIENTED_EDGE('',*,*,#4603,.F.);
#4606=ORIENTED_EDGE('',*,*,#4605,.F.);
#4608=ORIENTED_EDGE('',*,*,#4607,.F.);
#4610=ORIENTED_EDGE('',*,*,#4609,.F.);
#4612=ORIENTED_EDGE('',*,*,#4611,.F.);
#4614=ORIENTED_EDGE('',*,*,#4613,.F.);
#4616=ORIENTED_EDGE('',*,*,#4615,.F.);
#4618=ORIENTED_EDGE('',*,*,#4617,.F.);
#4620=ORIENTED_EDGE('',*,*,#4619,.F.);
#4622=ORIENTED_EDGE('',*,*,#4621,.F.);
#4624=ORIENTED_EDGE('',*,*,#4623,.F.);
#4625=EDGE_LOOP('',(#4598,#4600,#4602,#4604,#4606,#4608,#4610,#4612,#4614,#4616,
#4618,#4620,#4622,#4624));
#4626=FACE_OUTER_BOUND('',#4625,.F.);
#4628=CARTESIAN_POINT('',(-2.75E0,2.5E-1,-6.072E0));
#4629=DIRECTION('',(0.E0,1.E0,0.E0));
#4630=DIRECTION('',(0.E0,0.E0,1.E0));
#4631=AXIS2_PLACEMENT_3D('',#4628,#4629,#4630);
#4632=PLANE('',#4631);
#4633=ORIENTED_EDGE('',*,*,#4588,.F.);
#4635=ORIENTED_EDGE('',*,*,#4634,.F.);
#4637=ORIENTED_EDGE('',*,*,#4636,.F.);
#4638=ORIENTED_EDGE('',*,*,#4599,.T.);
#4639=EDGE_LOOP('',(#4633,#4635,#4637,#4638));
#4640=FACE_OUTER_BOUND('',#4639,.F.);
#4642=CARTESIAN_POINT('',(-3.25E0,2.5E-1,-4.3E0));
#4643=DIRECTION('',(-1.E0,0.E0,0.E0));
#4644=DIRECTION('',(0.E0,-1.E0,0.E0));
#4645=AXIS2_PLACEMENT_3D('',#4642,#4643,#4644);
#4646=PLANE('',#4645);
#4648=ORIENTED_EDGE('',*,*,#4647,.T.);
#4650=ORIENTED_EDGE('',*,*,#4649,.T.);
#4652=ORIENTED_EDGE('',*,*,#4651,.T.);
#4654=ORIENTED_EDGE('',*,*,#4653,.T.);
#4656=ORIENTED_EDGE('',*,*,#4655,.T.);
#4658=ORIENTED_EDGE('',*,*,#4657,.T.);
#4660=ORIENTED_EDGE('',*,*,#4659,.T.);
#4662=ORIENTED_EDGE('',*,*,#4661,.T.);
#4664=ORIENTED_EDGE('',*,*,#4663,.T.);
#4666=ORIENTED_EDGE('',*,*,#4665,.T.);
#4668=ORIENTED_EDGE('',*,*,#4667,.T.);
#4670=ORIENTED_EDGE('',*,*,#4669,.T.);
#4671=ORIENTED_EDGE('',*,*,#4634,.T.);
#4672=ORIENTED_EDGE('',*,*,#4586,.T.);
#4673=EDGE_LOOP('',(#4648,#4650,#4652,#4654,#4656,#4658,#4660,#4662,#4664,#4666,
#4668,#4670,#4671,#4672));
#4674=FACE_OUTER_BOUND('',#4673,.F.);
#4676=CARTESIAN_POINT('',(-2.75E0,-2.5E-1,-5.87E0));
#4677=DIRECTION('',(0.E0,-1.E0,0.E0));
#4678=DIRECTION('',(0.E0,0.E0,-1.E0));
#4679=AXIS2_PLACEMENT_3D('',#4676,#4677,#4678);
#4680=PLANE('',#4679);
#4681=ORIENTED_EDGE('',*,*,#4584,.T.);
#4682=ORIENTED_EDGE('',*,*,#4623,.T.);
#4684=ORIENTED_EDGE('',*,*,#4683,.T.);
#4685=ORIENTED_EDGE('',*,*,#4647,.F.);
#4686=EDGE_LOOP('',(#4681,#4682,#4684,#4685));
#4687=FACE_OUTER_BOUND('',#4686,.F.);
#4689=CARTESIAN_POINT('',(-2.75E0,-2.5E-1,-6.069506977676E0));
#4690=DIRECTION('',(0.E0,-9.934293624530E-1,1.144469388678E-1));
#4691=DIRECTION('',(0.E0,-1.144469388678E-1,-9.934293624530E-1));
#4692=AXIS2_PLACEMENT_3D('',#4689,#4690,#4691);
#4693=PLANE('',#4692);
#4694=ORIENTED_EDGE('',*,*,#4621,.T.);
#4696=ORIENTED_EDGE('',*,*,#4695,.T.);
#4697=ORIENTED_EDGE('',*,*,#4649,.F.);
#4698=ORIENTED_EDGE('',*,*,#4683,.F.);
#4699=EDGE_LOOP('',(#4694,#4696,#4697,#4698));
#4700=FACE_OUTER_BOUND('',#4699,.F.);
#4702=CARTESIAN_POINT('',(-2.75E0,1.75E-1,-7.623E0));
#4703=DIRECTION('',(1.E0,0.E0,0.E0));
#4704=DIRECTION('',(0.E0,0.E0,-1.E0));
#4705=AXIS2_PLACEMENT_3D('',#4702,#4703,#4704);
#4706=CYLINDRICAL_SURFACE('',#4705,6.E-1);
#4707=ORIENTED_EDGE('',*,*,#4619,.T.);
#4709=ORIENTED_EDGE('',*,*,#4708,.T.);
#4710=ORIENTED_EDGE('',*,*,#4651,.F.);
#4711=ORIENTED_EDGE('',*,*,#4695,.F.);
#4712=EDGE_LOOP('',(#4707,#4709,#4710,#4711));
#4713=FACE_OUTER_BOUND('',#4712,.F.);
#4715=CARTESIAN_POINT('',(-2.75E0,-4.169419753548E-1,-7.721003560206E0));
#4716=DIRECTION('',(0.E0,-9.865699589246E-1,-1.633392670104E-1));
#4717=DIRECTION('',(0.E0,1.633392670104E-1,-9.865699589246E-1));
#4718=AXIS2_PLACEMENT_3D('',#4715,#4716,#4717);
#4719=PLANE('',#4718);
#4720=ORIENTED_EDGE('',*,*,#4617,.T.);
#4722=ORIENTED_EDGE('',*,*,#4721,.T.);
#4723=ORIENTED_EDGE('',*,*,#4653,.F.);
#4724=ORIENTED_EDGE('',*,*,#4708,.F.);
#4725=EDGE_LOOP('',(#4720,#4722,#4723,#4724));
#4726=FACE_OUTER_BOUND('',#4725,.F.);
#4728=CARTESIAN_POINT('',(-2.75E0,-1.45E0,-8.828E0));
#4729=DIRECTION('',(1.E0,0.E0,0.E0));
#4730=DIRECTION('',(0.E0,0.E0,-1.E0));
#4731=AXIS2_PLACEMENT_3D('',#4728,#4729,#4730);
#4732=CYLINDRICAL_SURFACE('',#4731,1.2E0);
#4733=ORIENTED_EDGE('',*,*,#4615,.T.);
#4735=ORIENTED_EDGE('',*,*,#4734,.T.);
#4736=ORIENTED_EDGE('',*,*,#4655,.F.);
#4737=ORIENTED_EDGE('',*,*,#4721,.F.);
#4738=EDGE_LOOP('',(#4733,#4735,#4736,#4737));
#4739=FACE_OUTER_BOUND('',#4738,.F.);
#4741=CARTESIAN_POINT('',(-2.75E0,-2.5E-1,-8.828E0));
#4742=DIRECTION('',(0.E0,-1.E0,0.E0));
#4743=DIRECTION('',(0.E0,0.E0,-1.E0));
#4744=AXIS2_PLACEMENT_3D('',#4741,#4742,#4743);
#4745=PLANE('',#4744);
#4746=ORIENTED_EDGE('',*,*,#4613,.T.);
#4748=ORIENTED_EDGE('',*,*,#4747,.T.);
#4749=ORIENTED_EDGE('',*,*,#4657,.F.);
#4750=ORIENTED_EDGE('',*,*,#4734,.F.);
#4751=EDGE_LOOP('',(#4746,#4748,#4749,#4750));
#4752=FACE_OUTER_BOUND('',#4751,.F.);
#4754=CARTESIAN_POINT('',(-2.75E0,-2.5E-1,-9.47E0));
#4755=DIRECTION('',(0.E0,0.E0,-1.E0));
#4756=DIRECTION('',(0.E0,1.E0,0.E0));
#4757=AXIS2_PLACEMENT_3D('',#4754,#4755,#4756);
#4758=PLANE('',#4757);
#4759=ORIENTED_EDGE('',*,*,#4611,.T.);
#4761=ORIENTED_EDGE('',*,*,#4760,.T.);
#4762=ORIENTED_EDGE('',*,*,#4659,.F.);
#4763=ORIENTED_EDGE('',*,*,#4747,.F.);
#4764=EDGE_LOOP('',(#4759,#4761,#4762,#4763));
#4765=FACE_OUTER_BOUND('',#4764,.F.);
#4767=CARTESIAN_POINT('',(-2.75E0,2.5E-1,-9.47E0));
#4768=DIRECTION('',(0.E0,1.E0,0.E0));
#4769=DIRECTION('',(0.E0,0.E0,1.E0));
#4770=AXIS2_PLACEMENT_3D('',#4767,#4768,#4769);
#4771=PLANE('',#4770);
#4772=ORIENTED_EDGE('',*,*,#4609,.T.);
#4774=ORIENTED_EDGE('',*,*,#4773,.T.);
#4775=ORIENTED_EDGE('',*,*,#4661,.F.);
#4776=ORIENTED_EDGE('',*,*,#4760,.F.);
#4777=EDGE_LOOP('',(#4772,#4774,#4775,#4776));
#4778=FACE_OUTER_BOUND('',#4777,.F.);
#4780=CARTESIAN_POINT('',(-2.75E0,-9.5E-1,-8.805255802565E0));
#4781=DIRECTION('',(1.E0,0.E0,0.E0));
#4782=DIRECTION('',(0.E0,0.E0,-1.E0));
#4783=AXIS2_PLACEMENT_3D('',#4780,#4781,#4782);
#4784=CYLINDRICAL_SURFACE('',#4783,1.2E0);
#4785=ORIENTED_EDGE('',*,*,#4607,.T.);
#4787=ORIENTED_EDGE('',*,*,#4786,.T.);
#4788=ORIENTED_EDGE('',*,*,#4663,.F.);
#4789=ORIENTED_EDGE('',*,*,#4773,.F.);
#4790=EDGE_LOOP('',(#4785,#4787,#4788,#4789));
#4791=FACE_OUTER_BOUND('',#4790,.F.);
#4793=CARTESIAN_POINT('',(-2.75E0,2.338839507095E-1,-8.609248682153E0));
#4794=DIRECTION('',(0.E0,9.865699589246E-1,1.633392670104E-1));
#4795=DIRECTION('',(0.E0,-1.633392670104E-1,9.865699589246E-1));
#4796=AXIS2_PLACEMENT_3D('',#4793,#4794,#4795);
#4797=PLANE('',#4796);
#4798=ORIENTED_EDGE('',*,*,#4605,.T.);
#4800=ORIENTED_EDGE('',*,*,#4799,.T.);
#4801=ORIENTED_EDGE('',*,*,#4665,.F.);
#4802=ORIENTED_EDGE('',*,*,#4786,.F.);
#4803=EDGE_LOOP('',(#4798,#4800,#4801,#4802));
#4804=FACE_OUTER_BOUND('',#4803,.F.);
#4806=CARTESIAN_POINT('',(-2.75E0,6.787334256608E-1,-7.610561258391E0));
#4807=DIRECTION('',(1.E0,0.E0,0.E0));
#4808=DIRECTION('',(0.E0,0.E0,-1.E0));
#4809=AXIS2_PLACEMENT_3D('',#4806,#4807,#4808);
#4810=CYLINDRICAL_SURFACE('',#4809,6.02E-1);
#4811=ORIENTED_EDGE('',*,*,#4603,.T.);
#4813=ORIENTED_EDGE('',*,*,#4812,.T.);
#4814=ORIENTED_EDGE('',*,*,#4667,.F.);
#4815=ORIENTED_EDGE('',*,*,#4799,.F.);
#4816=EDGE_LOOP('',(#4811,#4813,#4814,#4815));
#4817=FACE_OUTER_BOUND('',#4816,.F.);
#4819=CARTESIAN_POINT('',(-2.75E0,8.068894946408E-2,-7.541664201193E0));
#4820=DIRECTION('',(0.E0,9.934293624530E-1,-1.144469388678E-1));
#4821=DIRECTION('',(0.E0,1.144469388678E-1,9.934293624530E-1));
#4822=AXIS2_PLACEMENT_3D('',#4819,#4820,#4821);
#4823=PLANE('',#4822);
#4824=ORIENTED_EDGE('',*,*,#4601,.T.);
#4825=ORIENTED_EDGE('',*,*,#4636,.T.);
#4826=ORIENTED_EDGE('',*,*,#4669,.F.);
#4827=ORIENTED_EDGE('',*,*,#4812,.F.);
#4828=EDGE_LOOP('',(#4824,#4825,#4826,#4827));
#4829=FACE_OUTER_BOUND('',#4828,.F.);
#4831=CARTESIAN_POINT('',(3.25E0,2.93E0,-9.5E-1));
#4832=DIRECTION('',(1.E0,0.E0,0.E0));
#4833=DIRECTION('',(0.E0,0.E0,-1.E0));
#4834=AXIS2_PLACEMENT_3D('',#4831,#4832,#4833);
#4835=PLANE('',#4834);
#4836=ORIENTED_EDGE('',*,*,#2975,.T.);
#4838=ORIENTED_EDGE('',*,*,#4837,.F.);
#4840=ORIENTED_EDGE('',*,*,#4839,.F.);
#4842=ORIENTED_EDGE('',*,*,#4841,.F.);
#4844=ORIENTED_EDGE('',*,*,#4843,.F.);
#4846=ORIENTED_EDGE('',*,*,#4845,.F.);
#4848=ORIENTED_EDGE('',*,*,#4847,.F.);
#4850=ORIENTED_EDGE('',*,*,#4849,.F.);
#4852=ORIENTED_EDGE('',*,*,#4851,.F.);
#4854=ORIENTED_EDGE('',*,*,#4853,.F.);
#4856=ORIENTED_EDGE('',*,*,#4855,.F.);
#4858=ORIENTED_EDGE('',*,*,#4857,.F.);
#4860=ORIENTED_EDGE('',*,*,#4859,.F.);
#4862=ORIENTED_EDGE('',*,*,#4861,.F.);
#4863=EDGE_LOOP('',(#4836,#4838,#4840,#4842,#4844,#4846,#4848,#4850,#4852,#4854,
#4856,#4858,#4860,#4862));
#4864=FACE_OUTER_BOUND('',#4863,.F.);
#4866=CARTESIAN_POINT('',(3.25E0,2.5E-1,-6.072E0));
#4867=DIRECTION('',(0.E0,1.E0,0.E0));
#4868=DIRECTION('',(0.E0,0.E0,1.E0));
#4869=AXIS2_PLACEMENT_3D('',#4866,#4867,#4868);
#4870=PLANE('',#4869);
#4871=ORIENTED_EDGE('',*,*,#2981,.F.);
#4873=ORIENTED_EDGE('',*,*,#4872,.F.);
#4875=ORIENTED_EDGE('',*,*,#4874,.F.);
#4876=ORIENTED_EDGE('',*,*,#4837,.T.);
#4877=EDGE_LOOP('',(#4871,#4873,#4875,#4876));
#4878=FACE_OUTER_BOUND('',#4877,.F.);
#4880=CARTESIAN_POINT('',(2.75E0,2.5E-1,-4.3E0));
#4881=DIRECTION('',(-1.E0,0.E0,0.E0));
#4882=DIRECTION('',(0.E0,-1.E0,0.E0));
#4883=AXIS2_PLACEMENT_3D('',#4880,#4881,#4882);
#4884=PLANE('',#4883);
#4885=ORIENTED_EDGE('',*,*,#2979,.T.);
#4887=ORIENTED_EDGE('',*,*,#4886,.T.);
#4889=ORIENTED_EDGE('',*,*,#4888,.T.);
#4891=ORIENTED_EDGE('',*,*,#4890,.T.);
#4893=ORIENTED_EDGE('',*,*,#4892,.T.);
#4895=ORIENTED_EDGE('',*,*,#4894,.T.);
#4897=ORIENTED_EDGE('',*,*,#4896,.T.);
#4899=ORIENTED_EDGE('',*,*,#4898,.T.);
#4901=ORIENTED_EDGE('',*,*,#4900,.T.);
#4903=ORIENTED_EDGE('',*,*,#4902,.T.);
#4905=ORIENTED_EDGE('',*,*,#4904,.T.);
#4907=ORIENTED_EDGE('',*,*,#4906,.T.);
#4909=ORIENTED_EDGE('',*,*,#4908,.T.);
#4910=ORIENTED_EDGE('',*,*,#4872,.T.);
#4911=EDGE_LOOP('',(#4885,#4887,#4889,#4891,#4893,#4895,#4897,#4899,#4901,#4903,
#4905,#4907,#4909,#4910));
#4912=FACE_OUTER_BOUND('',#4911,.F.);
#4914=CARTESIAN_POINT('',(3.25E0,-2.5E-1,-5.87E0));
#4915=DIRECTION('',(0.E0,-1.E0,0.E0));
#4916=DIRECTION('',(0.E0,0.E0,-1.E0));
#4917=AXIS2_PLACEMENT_3D('',#4914,#4915,#4916);
#4918=PLANE('',#4917);
#4919=ORIENTED_EDGE('',*,*,#2977,.T.);
#4920=ORIENTED_EDGE('',*,*,#4861,.T.);
#4922=ORIENTED_EDGE('',*,*,#4921,.T.);
#4923=ORIENTED_EDGE('',*,*,#4886,.F.);
#4924=EDGE_LOOP('',(#4919,#4920,#4922,#4923));
#4925=FACE_OUTER_BOUND('',#4924,.F.);
#4927=CARTESIAN_POINT('',(3.25E0,-2.5E-1,-6.069506977676E0));
#4928=DIRECTION('',(0.E0,-9.934293624530E-1,1.144469388678E-1));
#4929=DIRECTION('',(0.E0,-1.144469388678E-1,-9.934293624530E-1));
#4930=AXIS2_PLACEMENT_3D('',#4927,#4928,#4929);
#4931=PLANE('',#4930);
#4932=ORIENTED_EDGE('',*,*,#4859,.T.);
#4934=ORIENTED_EDGE('',*,*,#4933,.T.);
#4935=ORIENTED_EDGE('',*,*,#4888,.F.);
#4936=ORIENTED_EDGE('',*,*,#4921,.F.);
#4937=EDGE_LOOP('',(#4932,#4934,#4935,#4936));
#4938=FACE_OUTER_BOUND('',#4937,.F.);
#4940=CARTESIAN_POINT('',(3.25E0,1.75E-1,-7.623E0));
#4941=DIRECTION('',(1.E0,0.E0,0.E0));
#4942=DIRECTION('',(0.E0,0.E0,-1.E0));
#4943=AXIS2_PLACEMENT_3D('',#4940,#4941,#4942);
#4944=CYLINDRICAL_SURFACE('',#4943,6.E-1);
#4945=ORIENTED_EDGE('',*,*,#4857,.T.);
#4947=ORIENTED_EDGE('',*,*,#4946,.T.);
#4948=ORIENTED_EDGE('',*,*,#4890,.F.);
#4949=ORIENTED_EDGE('',*,*,#4933,.F.);
#4950=EDGE_LOOP('',(#4945,#4947,#4948,#4949));
#4951=FACE_OUTER_BOUND('',#4950,.F.);
#4953=CARTESIAN_POINT('',(3.25E0,-4.169419753548E-1,-7.721003560206E0));
#4954=DIRECTION('',(0.E0,-9.865699589246E-1,-1.633392670104E-1));
#4955=DIRECTION('',(0.E0,1.633392670104E-1,-9.865699589246E-1));
#4956=AXIS2_PLACEMENT_3D('',#4953,#4954,#4955);
#4957=PLANE('',#4956);
#4958=ORIENTED_EDGE('',*,*,#4855,.T.);
#4960=ORIENTED_EDGE('',*,*,#4959,.T.);
#4961=ORIENTED_EDGE('',*,*,#4892,.F.);
#4962=ORIENTED_EDGE('',*,*,#4946,.F.);
#4963=EDGE_LOOP('',(#4958,#4960,#4961,#4962));
#4964=FACE_OUTER_BOUND('',#4963,.F.);
#4966=CARTESIAN_POINT('',(3.25E0,-1.45E0,-8.828E0));
#4967=DIRECTION('',(1.E0,0.E0,0.E0));
#4968=DIRECTION('',(0.E0,0.E0,-1.E0));
#4969=AXIS2_PLACEMENT_3D('',#4966,#4967,#4968);
#4970=CYLINDRICAL_SURFACE('',#4969,1.2E0);
#4971=ORIENTED_EDGE('',*,*,#4853,.T.);
#4973=ORIENTED_EDGE('',*,*,#4972,.T.);
#4974=ORIENTED_EDGE('',*,*,#4894,.F.);
#4975=ORIENTED_EDGE('',*,*,#4959,.F.);
#4976=EDGE_LOOP('',(#4971,#4973,#4974,#4975));
#4977=FACE_OUTER_BOUND('',#4976,.F.);
#4979=CARTESIAN_POINT('',(3.25E0,-2.5E-1,-8.828E0));
#4980=DIRECTION('',(0.E0,-1.E0,0.E0));
#4981=DIRECTION('',(0.E0,0.E0,-1.E0));
#4982=AXIS2_PLACEMENT_3D('',#4979,#4980,#4981);
#4983=PLANE('',#4982);
#4984=ORIENTED_EDGE('',*,*,#4851,.T.);
#4986=ORIENTED_EDGE('',*,*,#4985,.T.);
#4987=ORIENTED_EDGE('',*,*,#4896,.F.);
#4988=ORIENTED_EDGE('',*,*,#4972,.F.);
#4989=EDGE_LOOP('',(#4984,#4986,#4987,#4988));
#4990=FACE_OUTER_BOUND('',#4989,.F.);
#4992=CARTESIAN_POINT('',(3.25E0,-2.5E-1,-9.47E0));
#4993=DIRECTION('',(0.E0,0.E0,-1.E0));
#4994=DIRECTION('',(0.E0,1.E0,0.E0));
#4995=AXIS2_PLACEMENT_3D('',#4992,#4993,#4994);
#4996=PLANE('',#4995);
#4997=ORIENTED_EDGE('',*,*,#4849,.T.);
#4999=ORIENTED_EDGE('',*,*,#4998,.T.);
#5000=ORIENTED_EDGE('',*,*,#4898,.F.);
#5001=ORIENTED_EDGE('',*,*,#4985,.F.);
#5002=EDGE_LOOP('',(#4997,#4999,#5000,#5001));
#5003=FACE_OUTER_BOUND('',#5002,.F.);
#5005=CARTESIAN_POINT('',(3.25E0,2.5E-1,-9.47E0));
#5006=DIRECTION('',(0.E0,1.E0,0.E0));
#5007=DIRECTION('',(0.E0,0.E0,1.E0));
#5008=AXIS2_PLACEMENT_3D('',#5005,#5006,#5007);
#5009=PLANE('',#5008);
#5010=ORIENTED_EDGE('',*,*,#4847,.T.);
#5012=ORIENTED_EDGE('',*,*,#5011,.T.);
#5013=ORIENTED_EDGE('',*,*,#4900,.F.);
#5014=ORIENTED_EDGE('',*,*,#4998,.F.);
#5015=EDGE_LOOP('',(#5010,#5012,#5013,#5014));
#5016=FACE_OUTER_BOUND('',#5015,.F.);
#5018=CARTESIAN_POINT('',(3.25E0,-9.5E-1,-8.805255802565E0));
#5019=DIRECTION('',(1.E0,0.E0,0.E0));
#5020=DIRECTION('',(0.E0,0.E0,-1.E0));
#5021=AXIS2_PLACEMENT_3D('',#5018,#5019,#5020);
#5022=CYLINDRICAL_SURFACE('',#5021,1.2E0);
#5023=ORIENTED_EDGE('',*,*,#4845,.T.);
#5025=ORIENTED_EDGE('',*,*,#5024,.T.);
#5026=ORIENTED_EDGE('',*,*,#4902,.F.);
#5027=ORIENTED_EDGE('',*,*,#5011,.F.);
#5028=EDGE_LOOP('',(#5023,#5025,#5026,#5027));
#5029=FACE_OUTER_BOUND('',#5028,.F.);
#5031=CARTESIAN_POINT('',(3.25E0,2.338839507095E-1,-8.609248682153E0));
#5032=DIRECTION('',(0.E0,9.865699589246E-1,1.633392670104E-1));
#5033=DIRECTION('',(0.E0,-1.633392670104E-1,9.865699589246E-1));
#5034=AXIS2_PLACEMENT_3D('',#5031,#5032,#5033);
#5035=PLANE('',#5034);
#5036=ORIENTED_EDGE('',*,*,#4843,.T.);
#5038=ORIENTED_EDGE('',*,*,#5037,.T.);
#5039=ORIENTED_EDGE('',*,*,#4904,.F.);
#5040=ORIENTED_EDGE('',*,*,#5024,.F.);
#5041=EDGE_LOOP('',(#5036,#5038,#5039,#5040));
#5042=FACE_OUTER_BOUND('',#5041,.F.);
#5044=CARTESIAN_POINT('',(3.25E0,6.787334256608E-1,-7.610561258391E0));
#5045=DIRECTION('',(1.E0,0.E0,0.E0));
#5046=DIRECTION('',(0.E0,0.E0,-1.E0));
#5047=AXIS2_PLACEMENT_3D('',#5044,#5045,#5046);
#5048=CYLINDRICAL_SURFACE('',#5047,6.02E-1);
#5049=ORIENTED_EDGE('',*,*,#4841,.T.);
#5051=ORIENTED_EDGE('',*,*,#5050,.T.);
#5052=ORIENTED_EDGE('',*,*,#4906,.F.);
#5053=ORIENTED_EDGE('',*,*,#5037,.F.);
#5054=EDGE_LOOP('',(#5049,#5051,#5052,#5053));
#5055=FACE_OUTER_BOUND('',#5054,.F.);
#5057=CARTESIAN_POINT('',(3.25E0,8.068894946408E-2,-7.541664201193E0));
#5058=DIRECTION('',(0.E0,9.934293624530E-1,-1.144469388678E-1));
#5059=DIRECTION('',(0.E0,1.144469388678E-1,9.934293624530E-1));
#5060=AXIS2_PLACEMENT_3D('',#5057,#5058,#5059);
#5061=PLANE('',#5060);
#5062=ORIENTED_EDGE('',*,*,#4839,.T.);
#5063=ORIENTED_EDGE('',*,*,#4874,.T.);
#5064=ORIENTED_EDGE('',*,*,#4908,.F.);
#5065=ORIENTED_EDGE('',*,*,#5050,.F.);
#5066=EDGE_LOOP('',(#5062,#5063,#5064,#5065));
#5067=FACE_OUTER_BOUND('',#5066,.F.);
#5069=CARTESIAN_POINT('',(-4.5E0,2.43E0,0.E0));
#5070=DIRECTION('',(0.E0,0.E0,1.E0));
#5071=DIRECTION('',(1.E0,0.E0,0.E0));
#5072=AXIS2_PLACEMENT_3D('',#5069,#5070,#5071);
#5073=CYLINDRICAL_SURFACE('',#5072,5.E-1);
#5074=ORIENTED_EDGE('',*,*,#2462,.T.);
#5075=ORIENTED_EDGE('',*,*,#2697,.T.);
#5076=ORIENTED_EDGE('',*,*,#2923,.F.);
#5077=ORIENTED_EDGE('',*,*,#2847,.F.);
#5078=EDGE_LOOP('',(#5074,#5075,#5076,#5077));
#5079=FACE_OUTER_BOUND('',#5078,.F.);
#5081=CLOSED_SHELL('',(#2480,#2502,#2524,#2539,#2572,#2586,#2619,#2633,#2648,
#2662,#2675,#2702,#2715,#2730,#2742,#2755,#2781,#2793,#2807,#2853,#2868,#2885,
#2900,#2915,#2932,#2947,#2961,#2985,#2998,#3053,#3072,#3099,#3125,#3143,#3156,
#3177,#3194,#3215,#3228,#3241,#3254,#3266,#3278,#3293,#3310,#3334,#3357,#3376,
#3395,#3408,#3420,#3432,#3444,#3457,#3469,#3481,#3493,#3506,#3521,#3578,#3591,
#3628,#3661,#3677,#3692,#3705,#3719,#3731,#3747,#3762,#3775,#3789,#3801,#3817,
#3832,#3845,#3859,#3871,#3886,#3900,#3914,#3927,#3939,#3954,#3968,#3982,#3995,
#4007,#4022,#4036,#4050,#4063,#4075,#4090,#4104,#4118,#4131,#4143,#4155,#4168,
#4191,#4203,#4218,#4232,#4246,#4259,#4271,#4284,#4307,#4319,#4354,#4368,#4402,
#4415,#4428,#4441,#4454,#4467,#4480,#4493,#4506,#4519,#4532,#4545,#4557,#4570,
#4592,#4627,#4641,#4675,#4688,#4701,#4714,#4727,#4740,#4753,#4766,#4779,#4792,
#4805,#4818,#4830,#4865,#4879,#4913,#4926,#4939,#4952,#4965,#4978,#4991,#5004,
#5017,#5030,#5043,#5056,#5068,#5080));
#5082=MANIFOLD_SOLID_BREP('',#5081);
#5083=(LENGTH_UNIT()NAMED_UNIT(*)SI_UNIT(.MILLI.,.METRE.));
#5084=DIMENSIONAL_EXPONENTS(0.E0,0.E0,0.E0,0.E0,0.E0,0.E0,0.E0);
#5085=(NAMED_UNIT(*)PLANE_ANGLE_UNIT()SI_UNIT($,.RADIAN.));
#5086=PLANE_ANGLE_MEASURE_WITH_UNIT(PLANE_ANGLE_MEASURE(1.745329251994E-2),
#5085);
#5087=(CONVERSION_BASED_UNIT('DEGREE',#5086)NAMED_UNIT(#5084)PLANE_ANGLE_UNIT(
));
#5088=(NAMED_UNIT(*)SI_UNIT($,.STERADIAN.)SOLID_ANGLE_UNIT());
#5089=UNCERTAINTY_MEASURE_WITH_UNIT(LENGTH_MEASURE(1.245277285848E-4),#5083,
'distance_accuracy_value',
'Maximum model space distance between geometric entities at asserted connectivities');
#5092=APPLICATION_CONTEXT('automotive_design');
#5093=APPLICATION_PROTOCOL_DEFINITION('international standard',
'automotive_design',2001,#5092);
#5094=PRODUCT_DEFINITION_CONTEXT('part definition',#5092,'design');
#5095=PRODUCT_CONTEXT('',#5092,'mechanical');
#5096=PRODUCT('C-1735446-4','C-1735446-4','NOT SPECIFIED',(#5095));
#5097=PRODUCT_DEFINITION_FORMATION('1','LAST_VERSION',#5096);
#5104=(LENGTH_UNIT()NAMED_UNIT(*)SI_UNIT(.MILLI.,.METRE.));
#5105=DERIVED_UNIT_ELEMENT(#5104,2.E0);
#5106=DERIVED_UNIT((#5105));
#5107=MEASURE_REPRESENTATION_ITEM('surface area measure',AREA_MEASURE(
4.480576110613E2),#5106);
#5111=(LENGTH_UNIT()NAMED_UNIT(*)SI_UNIT(.MILLI.,.METRE.));
#5112=DERIVED_UNIT_ELEMENT(#5111,3.E0);
#5113=DERIVED_UNIT((#5112));
#5114=MEASURE_REPRESENTATION_ITEM('volume measure',VOLUME_MEASURE(
1.364274486535E2),#5113);
#5118=CARTESIAN_POINT('centre point',(-1.664633779077E-5,3.213023761578E-1,
-4.067055510176E0));
#5123=PRODUCT_RELATED_PRODUCT_CATEGORY('part','',(#5096));
#1=DRAUGHTING_PRE_DEFINED_COLOUR('green');
#2=COLOUR_RGB('',1.1E-2,1.2E-2,1.E0);
#3=COLOUR_RGB('',1.1E-1,1.1E-1,1.1E-1);
#4=COLOUR_RGB('',3.92E-1,1.2E-2,1.2E-2);
#5=COLOUR_RGB('',4.1E-1,0.E0,2.2E-1);
#6=COLOUR_RGB('',8.784E-1,9.49E-1,1.E0);
#7=COLOUR_RGB('',9.6E-1,9.6E-1,9.6E-1);
#8=COLOUR_RGB('',9.8E-1,6.27E-1,0.E0);
#9=DRAUGHTING_PRE_DEFINED_COLOUR('red');
#10=DRAUGHTING_PRE_DEFINED_COLOUR('yellow');
#11=COLOUR_RGB('',1.E0,1.E0,9.49E-1);
#12=DRAUGHTING_PRE_DEFINED_COLOUR('white');
#25=CIRCLE('',#24,5.E-1);
#34=CIRCLE('',#33,5.E-1);
#75=CIRCLE('',#74,5.E-1);
#92=CIRCLE('',#91,5.E-1);
#109=CIRCLE('',#108,2.E-1);
#142=CIRCLE('',#141,2.E-1);
#163=CIRCLE('',#162,2.E-1);
#196=CIRCLE('',#195,2.E-1);
#221=CIRCLE('',#220,2.E-1);
#238=CIRCLE('',#237,2.E-1);
#275=CIRCLE('',#274,2.E-1);
#288=CIRCLE('',#287,2.E-1);
#369=CIRCLE('',#368,5.E-1);
#378=CIRCLE('',#377,5.E-1);
#427=CIRCLE('',#426,5.E-1);
#436=CIRCLE('',#435,5.E-1);
#645=CIRCLE('',#644,2.E-1);
#654=CIRCLE('',#653,2.E-1);
#783=CIRCLE('',#782,5.E-1);
#796=CIRCLE('',#795,5.E-1);
#813=CIRCLE('',#812,5.E-1);
#830=CIRCLE('',#829,5.E-1);
#1039=CIRCLE('',#1038,2.E-1);
#1056=CIRCLE('',#1055,2.E-1);
#1073=CIRCLE('',#1072,2.E-1);
#1090=CIRCLE('',#1089,2.E-1);
#1107=CIRCLE('',#1106,2.E-1);
#1124=CIRCLE('',#1123,2.E-1);
#1361=CIRCLE('',#1360,6.E-1);
#1370=CIRCLE('',#1369,1.2E0);
#1387=CIRCLE('',#1386,1.2E0);
#1396=CIRCLE('',#1395,6.02E-1);
#1421=CIRCLE('',#1420,6.02E-1);
#1430=CIRCLE('',#1429,1.2E0);
#1447=CIRCLE('',#1446,1.2E0);
#1456=CIRCLE('',#1455,6.E-1);
#1545=CIRCLE('',#1544,6.02E-1);
#1554=CIRCLE('',#1553,1.2E0);
#1571=CIRCLE('',#1570,1.2E0);
#1580=CIRCLE('',#1579,6.E-1);
#1605=CIRCLE('',#1604,6.E-1);
#1614=CIRCLE('',#1613,1.2E0);
#1631=CIRCLE('',#1630,1.2E0);
#1640=CIRCLE('',#1639,6.02E-1);
#1705=CIRCLE('',#1704,6.02E-1);
#1714=CIRCLE('',#1713,1.2E0);
#1731=CIRCLE('',#1730,1.2E0);
#1740=CIRCLE('',#1739,6.E-1);
#1765=CIRCLE('',#1764,6.E-1);
#1774=CIRCLE('',#1773,1.2E0);
#1791=CIRCLE('',#1790,1.2E0);
#1800=CIRCLE('',#1799,6.02E-1);
#2458=EDGE_CURVE('',#2096,#2091,#16,.T.);
#2460=EDGE_CURVE('',#1860,#2096,#20,.T.);
#2462=EDGE_CURVE('',#1859,#1860,#25,.T.);
#2464=EDGE_CURVE('',#1872,#1859,#29,.T.);
#2466=EDGE_CURVE('',#1871,#1872,#34,.T.);
#2468=EDGE_CURVE('',#2107,#1871,#38,.T.);
#2470=EDGE_CURVE('',#2112,#2107,#42,.T.);
#2472=EDGE_CURVE('',#2112,#1904,#46,.T.);
#2474=EDGE_CURVE('',#1903,#1904,#50,.T.);
#2476=EDGE_CURVE('',#2091,#1903,#54,.T.);
#2480=ADVANCED_FACE('',(#2479),#2457,.T.);
#2486=EDGE_CURVE('',#2104,#2099,#58,.T.);
#2488=EDGE_CURVE('',#2124,#2104,#137,.T.);
#2490=EDGE_CURVE('',#2123,#2124,#62,.T.);
#2492=EDGE_CURVE('',#1988,#2123,#66,.T.);
#2494=EDGE_CURVE('',#1864,#1988,#70,.T.);
#2496=EDGE_CURVE('',#1863,#1864,#75,.T.);
#2498=EDGE_CURVE('',#2099,#1863,#79,.T.);
#2502=ADVANCED_FACE('',(#2501),#2485,.T.);
#2508=EDGE_CURVE('',#2118,#2120,#83,.T.);
#2510=EDGE_CURVE('',#1868,#2118,#87,.T.);
#2512=EDGE_CURVE('',#1867,#1868,#92,.T.);
#2514=EDGE_CURVE('',#1990,#1867,#96,.T.);
#2516=EDGE_CURVE('',#1990,#2136,#100,.T.);
#2518=EDGE_CURVE('',#2135,#2136,#104,.T.);
#2520=EDGE_CURVE('',#2120,#2135,#167,.T.);
#2524=ADVANCED_FACE('',(#2523),#2507,.T.);
#2530=EDGE_CURVE('',#2091,#2092,#109,.T.);
#2532=EDGE_CURVE('',#2094,#2092,#250,.T.);
#2534=EDGE_CURVE('',#2094,#2096,#221,.T.);
#2539=ADVANCED_FACE('',(#2538),#2529,.T.);
#2547=EDGE_CURVE('',#1890,#1903,#113,.T.);
#2549=EDGE_CURVE('',#1888,#1890,#117,.T.);
#2551=EDGE_CURVE('',#1886,#1888,#121,.T.);
#2553=EDGE_CURVE('',#1884,#1886,#125,.T.);
#2555=EDGE_CURVE('',#1883,#1884,#129,.T.);
#2557=EDGE_CURVE('',#2128,#1883,#133,.T.);
#2559=EDGE_CURVE('',#2124,#2128,#846,.T.);
#2562=EDGE_CURVE('',#2102,#2104,#142,.T.);
#2564=EDGE_CURVE('',#2102,#1915,#146,.T.);
#2566=EDGE_CURVE('',#1915,#1916,#150,.T.);
#2568=EDGE_CURVE('',#2092,#1916,#154,.T.);
#2572=ADVANCED_FACE('',(#2571),#2544,.T.);
#2579=EDGE_CURVE('',#1900,#1904,#191,.T.);
#2581=EDGE_CURVE('',#1890,#1900,#158,.T.);
#2586=ADVANCED_FACE('',(#2585),#2577,.F.);
#2592=EDGE_CURVE('',#2120,#2116,#163,.T.);
#2595=EDGE_CURVE('',#2131,#2135,#1268,.T.);
#2597=EDGE_CURVE('',#2131,#1893,#171,.T.);
#2599=EDGE_CURVE('',#1893,#1894,#175,.T.);
#2601=EDGE_CURVE('',#1894,#1896,#179,.T.);
#2603=EDGE_CURVE('',#1896,#1898,#183,.T.);
#2605=EDGE_CURVE('',#1898,#1900,#187,.T.);
#2609=EDGE_CURVE('',#2110,#2112,#196,.T.);
#2611=EDGE_CURVE('',#2110,#1920,#200,.T.);
#2613=EDGE_CURVE('',#1918,#1920,#204,.T.);
#2615=EDGE_CURVE('',#2116,#1918,#208,.T.);
#2619=ADVANCED_FACE('',(#2618),#2591,.F.);
#2625=EDGE_CURVE('',#2115,#2116,#216,.T.);
#2627=EDGE_CURVE('',#2115,#2118,#288,.T.);
#2633=ADVANCED_FACE('',(#2632),#2624,.T.);
#2639=EDGE_CURVE('',#2102,#2100,#212,.T.);
#2641=EDGE_CURVE('',#2100,#1907,#233,.T.);
#2643=EDGE_CURVE('',#1907,#1915,#266,.T.);
#2648=ADVANCED_FACE('',(#2647),#2638,.F.);
#2656=EDGE_CURVE('',#1918,#1911,#270,.T.);
#2658=EDGE_CURVE('',#2115,#1911,#292,.T.);
#2662=ADVANCED_FACE('',(#2661),#2653,.F.);
#2668=EDGE_CURVE('',#2099,#2100,#238,.T.);
#2675=ADVANCED_FACE('',(#2674),#2667,.T.);
#2682=EDGE_CURVE('',#2094,#1908,#225,.T.);
#2684=EDGE_CURVE('',#1907,#1908,#229,.T.);
#2689=EDGE_CURVE('',#1944,#1863,#842,.T.);
#2691=EDGE_CURVE('',#1943,#1944,#242,.T.);
#2693=EDGE_CURVE('',#1943,#1938,#834,.T.);
#2695=EDGE_CURVE('',#1876,#1938,#431,.T.);
#2697=EDGE_CURVE('',#1860,#1876,#246,.T.);
#2702=ADVANCED_FACE('',(#2701),#2680,.T.);
#2710=EDGE_CURVE('',#1908,#1916,#254,.T.);
#2715=ADVANCED_FACE('',(#2714),#2707,.F.);
#2721=EDGE_CURVE('',#2110,#2108,#258,.T.);
#2723=EDGE_CURVE('',#2108,#1912,#300,.T.);
#2725=EDGE_CURVE('',#1920,#1912,#262,.T.);
#2730=ADVANCED_FACE('',(#2729),#2720,.F.);
#2742=ADVANCED_FACE('',(#2741),#2735,.F.);
#2748=EDGE_CURVE('',#1911,#1912,#296,.T.);
#2755=ADVANCED_FACE('',(#2754),#2747,.F.);
#2761=EDGE_CURVE('',#2107,#2108,#275,.T.);
#2764=EDGE_CURVE('',#1871,#1879,#304,.T.);
#2766=EDGE_CURVE('',#1940,#1879,#373,.T.);
#2768=EDGE_CURVE('',#1947,#1940,#279,.T.);
#2770=EDGE_CURVE('',#1947,#1948,#283,.T.);
#2772=EDGE_CURVE('',#1868,#1948,#808,.T.);
#2781=ADVANCED_FACE('',(#2780),#2760,.T.);
#2793=ADVANCED_FACE('',(#2792),#2786,.T.);
#2800=EDGE_CURVE('',#1872,#1880,#356,.T.);
#2802=EDGE_CURVE('',#1879,#1880,#378,.T.);
#2807=ADVANCED_FACE('',(#2806),#2798,.T.);
#2813=EDGE_CURVE('',#2140,#2146,#308,.T.);
#2815=EDGE_CURVE('',#2146,#2148,#312,.T.);
#2817=EDGE_CURVE('',#2144,#2148,#316,.T.);
#2819=EDGE_CURVE('',#2020,#2144,#456,.T.);
#2821=EDGE_CURVE('',#2020,#2026,#320,.T.);
#2823=EDGE_CURVE('',#2026,#2028,#324,.T.);
#2825=EDGE_CURVE('',#2024,#2028,#328,.T.);
#2827=EDGE_CURVE('',#2004,#2024,#414,.T.);
#2829=EDGE_CURVE('',#2004,#2010,#332,.T.);
#2831=EDGE_CURVE('',#2010,#2012,#336,.T.);
#2833=EDGE_CURVE('',#2008,#2012,#340,.T.);
#2835=EDGE_CURVE('',#1924,#2008,#398,.T.);
#2837=EDGE_CURVE('',#1924,#1930,#344,.T.);
#2839=EDGE_CURVE('',#1930,#1932,#348,.T.);
#2841=EDGE_CURVE('',#1928,#1932,#352,.T.);
#2843=EDGE_CURVE('',#1880,#1928,#382,.T.);
#2847=EDGE_CURVE('',#1859,#1875,#1856,.T.);
#2849=EDGE_CURVE('',#2140,#1875,#422,.T.);
#2853=ADVANCED_FACE('',(#2852),#2812,.T.);
#2859=EDGE_CURVE('',#2139,#2140,#418,.T.);
#2861=EDGE_CURVE('',#2139,#2150,#544,.T.);
#2863=EDGE_CURVE('',#2146,#2150,#1516,.T.);
#2868=ADVANCED_FACE('',(#2867),#2858,.F.);
#2874=EDGE_CURVE('',#1927,#1928,#360,.T.);
#2876=EDGE_CURVE('',#1927,#2000,#364,.T.);
#2878=EDGE_CURVE('',#2000,#1940,#369,.T.);
#2885=ADVANCED_FACE('',(#2884),#2873,.F.);
#2891=EDGE_CURVE('',#2007,#2008,#386,.T.);
#2893=EDGE_CURVE('',#2007,#1923,#390,.T.);
#2895=EDGE_CURVE('',#1923,#1924,#394,.T.);
#2900=ADVANCED_FACE('',(#2899),#2890,.F.);
#2906=EDGE_CURVE('',#2023,#2024,#402,.T.);
#2908=EDGE_CURVE('',#2023,#2003,#406,.T.);
#2910=EDGE_CURVE('',#2003,#2004,#410,.T.);
#2915=ADVANCED_FACE('',(#2914),#2905,.F.);
#2923=EDGE_CURVE('',#1875,#1876,#427,.T.);
#2926=EDGE_CURVE('',#1938,#2034,#436,.T.);
#2928=EDGE_CURVE('',#2034,#2139,#440,.T.);
#2932=ADVANCED_FACE('',(#2931),#2920,.F.);
#2938=EDGE_CURVE('',#2143,#2144,#444,.T.);
#2940=EDGE_CURVE('',#2143,#2019,#448,.T.);
#2942=EDGE_CURVE('',#2019,#2020,#452,.T.);
#2947=ADVANCED_FACE('',(#2946),#2937,.F.);
#2955=EDGE_CURVE('',#1932,#1936,#460,.T.);
#2957=EDGE_CURVE('',#1927,#1936,#500,.T.);
#2961=ADVANCED_FACE('',(#2960),#2952,.F.);
#2968=EDGE_CURVE('',#1930,#1934,#464,.T.);
#2970=EDGE_CURVE('',#1934,#1936,#504,.T.);
#2975=EDGE_CURVE('',#2203,#2204,#468,.T.);
#2977=EDGE_CURVE('',#2208,#2203,#472,.T.);
#2979=EDGE_CURVE('',#2207,#2208,#476,.T.);
#2981=EDGE_CURVE('',#2207,#2204,#480,.T.);
#2985=ADVANCED_FACE('',(#2974,#2984),#2966,.F.);
#2992=EDGE_CURVE('',#1923,#1934,#508,.T.);
#2998=ADVANCED_FACE('',(#2997),#2990,.F.);
#3004=EDGE_CURVE('',#1952,#2451,#484,.T.);
#3006=EDGE_CURVE('',#2451,#2447,#718,.T.);
#3008=EDGE_CURVE('',#2344,#2447,#658,.T.);
#3010=EDGE_CURVE('',#2344,#2332,#488,.T.);
#3012=EDGE_CURVE('',#2332,#2439,#640,.T.);
#3014=EDGE_CURVE('',#2443,#2439,#628,.T.);
#3016=EDGE_CURVE('',#2443,#1955,#492,.T.);
#3018=EDGE_CURVE('',#1955,#1956,#496,.T.);
#3020=EDGE_CURVE('',#1956,#2000,#817,.T.);
#3027=EDGE_CURVE('',#2007,#2016,#512,.T.);
#3029=EDGE_CURVE('',#2014,#2016,#516,.T.);
#3031=EDGE_CURVE('',#2003,#2014,#520,.T.);
#3034=EDGE_CURVE('',#2023,#2032,#524,.T.);
#3036=EDGE_CURVE('',#2030,#2032,#528,.T.);
#3038=EDGE_CURVE('',#2019,#2030,#532,.T.);
#3041=EDGE_CURVE('',#2143,#2152,#536,.T.);
#3043=EDGE_CURVE('',#2150,#2152,#540,.T.);
#3047=EDGE_CURVE('',#1951,#2034,#548,.T.);
#3049=EDGE_CURVE('',#1951,#1952,#552,.T.);
#3053=ADVANCED_FACE('',(#3052),#3003,.T.);
#3059=EDGE_CURVE('',#2452,#1967,#600,.T.);
#3061=EDGE_CURVE('',#2451,#2452,#556,.T.);
#3064=EDGE_CURVE('',#1952,#1981,#560,.T.);
#3066=EDGE_CURVE('',#1981,#1982,#754,.T.);
#3068=EDGE_CURVE('',#1967,#1982,#825,.T.);
#3072=ADVANCED_FACE('',(#3071),#3058,.F.);
#3078=EDGE_CURVE('',#1964,#2444,#564,.T.);
#3080=EDGE_CURVE('',#2444,#2440,#568,.T.);
#3082=EDGE_CURVE('',#2440,#2323,#632,.T.);
#3084=EDGE_CURVE('',#2270,#2323,#572,.T.);
#3086=EDGE_CURVE('',#1990,#2270,#576,.T.);
#3089=EDGE_CURVE('',#1867,#1958,#580,.T.);
#3091=EDGE_CURVE('',#1958,#1961,#778,.T.);
#3093=EDGE_CURVE('',#1961,#1962,#584,.T.);
#3095=EDGE_CURVE('',#1962,#1964,#588,.T.);
#3099=ADVANCED_FACE('',(#3098),#3077,.T.);
#3105=EDGE_CURVE('',#2335,#2272,#592,.T.);
#3107=EDGE_CURVE('',#2448,#2335,#666,.T.);
#3109=EDGE_CURVE('',#2452,#2448,#596,.T.);
#3112=EDGE_CURVE('',#1967,#1968,#604,.T.);
#3114=EDGE_CURVE('',#1970,#1968,#608,.T.);
#3116=EDGE_CURVE('',#1970,#2036,#787,.T.);
#3118=EDGE_CURVE('',#1864,#2036,#838,.T.);
#3121=EDGE_CURVE('',#1988,#2272,#612,.T.);
#3125=ADVANCED_FACE('',(#3124),#3104,.T.);
#3132=EDGE_CURVE('',#2443,#2444,#616,.T.);
#3135=EDGE_CURVE('',#1964,#1978,#620,.T.);
#3137=EDGE_CURVE('',#1978,#1973,#742,.T.);
#3139=EDGE_CURVE('',#1973,#1955,#624,.T.);
#3143=ADVANCED_FACE('',(#3142),#3130,.F.);
#3151=EDGE_CURVE('',#2439,#2440,#636,.T.);
#3156=ADVANCED_FACE('',(#3155),#3148,.F.);
#3162=EDGE_CURVE('',#2323,#2324,#654,.T.);
#3167=EDGE_CURVE('',#2330,#2332,#714,.T.);
#3169=EDGE_CURVE('',#2328,#2330,#702,.T.);
#3171=EDGE_CURVE('',#2326,#2328,#690,.T.);
#3173=EDGE_CURVE('',#2324,#2326,#678,.T.);
#3177=ADVANCED_FACE('',(#3176),#3161,.T.);
#3183=EDGE_CURVE('',#2335,#2336,#645,.T.);
#3186=EDGE_CURVE('',#2272,#2270,#649,.T.);
#3190=EDGE_CURVE('',#2336,#2324,#674,.T.);
#3194=ADVANCED_FACE('',(#3193),#3182,.T.);
#3201=EDGE_CURVE('',#2336,#2338,#670,.T.);
#3203=EDGE_CURVE('',#2338,#2340,#682,.T.);
#3205=EDGE_CURVE('',#2340,#2342,#694,.T.);
#3207=EDGE_CURVE('',#2342,#2344,#706,.T.);
#3210=EDGE_CURVE('',#2447,#2448,#662,.T.);
#3215=ADVANCED_FACE('',(#3214),#3199,.F.);
#3224=EDGE_CURVE('',#2338,#2326,#686,.T.);
#3228=ADVANCED_FACE('',(#3227),#3220,.T.);
#3237=EDGE_CURVE('',#2340,#2328,#698,.T.);
#3241=ADVANCED_FACE('',(#3240),#3233,.T.);
#3250=EDGE_CURVE('',#2342,#2330,#710,.T.);
#3254=ADVANCED_FACE('',(#3253),#3246,.T.);
#3266=ADVANCED_FACE('',(#3265),#3259,.T.);
#3278=ADVANCED_FACE('',(#3277),#3271,.F.);
#3284=EDGE_CURVE('',#1994,#2270,#722,.T.);
#3287=EDGE_CURVE('',#2272,#1993,#726,.T.);
#3289=EDGE_CURVE('',#1993,#1994,#866,.T.);
#3293=ADVANCED_FACE('',(#3292),#3283,.F.);
#3299=EDGE_CURVE('',#1998,#2132,#730,.T.);
#3301=EDGE_CURVE('',#2136,#2132,#734,.T.);
#3306=EDGE_CURVE('',#1994,#1998,#862,.T.);
#3310=ADVANCED_FACE('',(#3309),#3298,.F.);
#3316=EDGE_CURVE('',#2127,#2128,#770,.T.);
#3319=EDGE_CURVE('',#1883,#1996,#874,.T.);
#3321=EDGE_CURVE('',#2127,#1996,#854,.T.);
#3326=EDGE_CURVE('',#1986,#1981,#758,.T.);
#3328=EDGE_CURVE('',#1984,#1986,#762,.T.);
#3330=EDGE_CURVE('',#1982,#1984,#766,.T.);
#3334=ADVANCED_FACE('',(#3324,#3333),#3315,.F.);
#3340=EDGE_CURVE('',#2131,#2132,#774,.T.);
#3343=EDGE_CURVE('',#1998,#1893,#858,.T.);
#3348=EDGE_CURVE('',#1973,#1974,#738,.T.);
#3351=EDGE_CURVE('',#1976,#1978,#746,.T.);
#3353=EDGE_CURVE('',#1974,#1976,#750,.T.);
#3357=ADVANCED_FACE('',(#3347,#3356),#3339,.F.);
#3365=EDGE_CURVE('',#1961,#1974,#800,.T.);
#3368=EDGE_CURVE('',#1948,#1958,#783,.T.);
#3371=EDGE_CURVE('',#1956,#1947,#813,.T.);
#3376=ADVANCED_FACE('',(#3375),#3362,.T.);
#3383=EDGE_CURVE('',#1970,#1986,#791,.T.);
#3388=EDGE_CURVE('',#1943,#1951,#830,.T.);
#3391=EDGE_CURVE('',#2036,#1944,#796,.T.);
#3395=ADVANCED_FACE('',(#3394),#3381,.T.);
#3404=EDGE_CURVE('',#1962,#1976,#804,.T.);
#3408=ADVANCED_FACE('',(#3407),#3400,.F.);
#3420=ADVANCED_FACE('',(#3419),#3413,.F.);
#3432=ADVANCED_FACE('',(#3431),#3425,.T.);
#3444=ADVANCED_FACE('',(#3443),#3437,.T.);
#3451=EDGE_CURVE('',#1968,#1984,#821,.T.);
#3457=ADVANCED_FACE('',(#3456),#3449,.F.);
#3469=ADVANCED_FACE('',(#3468),#3462,.F.);
#3481=ADVANCED_FACE('',(#3480),#3474,.T.);
#3493=ADVANCED_FACE('',(#3492),#3486,.T.);
#3502=EDGE_CURVE('',#2127,#2123,#850,.T.);
#3506=ADVANCED_FACE('',(#3505),#3498,.T.);
#3515=EDGE_CURVE('',#1996,#1993,#870,.T.);
#3521=ADVANCED_FACE('',(#3520),#3511,.F.);
#3533=EDGE_CURVE('',#1884,#1894,#942,.T.);
#3538=EDGE_CURVE('',#2083,#2084,#878,.T.);
#3540=EDGE_CURVE('',#2084,#2086,#882,.T.);
#3542=EDGE_CURVE('',#2086,#2088,#886,.T.);
#3544=EDGE_CURVE('',#2088,#2083,#890,.T.);
#3548=EDGE_CURVE('',#2283,#2284,#894,.T.);
#3550=EDGE_CURVE('',#2284,#2286,#898,.T.);
#3552=EDGE_CURVE('',#2286,#2288,#902,.T.);
#3554=EDGE_CURVE('',#2288,#2283,#906,.T.);
#3558=EDGE_CURVE('',#2299,#2300,#910,.T.);
#3560=EDGE_CURVE('',#2300,#2302,#914,.T.);
#3562=EDGE_CURVE('',#2302,#2304,#918,.T.);
#3564=EDGE_CURVE('',#2304,#2299,#922,.T.);
#3568=EDGE_CURVE('',#2315,#2316,#926,.T.);
#3570=EDGE_CURVE('',#2316,#2318,#930,.T.);
#3572=EDGE_CURVE('',#2318,#2320,#934,.T.);
#3574=EDGE_CURVE('',#2320,#2315,#938,.T.);
#3578=ADVANCED_FACE('',(#3537,#3547,#3557,#3567,#3577),#3526,.F.);
#3585=EDGE_CURVE('',#1886,#1896,#986,.T.);
#3591=ADVANCED_FACE('',(#3590),#3583,.F.);
#3597=EDGE_CURVE('',#1888,#2063,#946,.T.);
#3599=EDGE_CURVE('',#2063,#2064,#950,.T.);
#3601=EDGE_CURVE('',#2064,#2066,#954,.T.);
#3603=EDGE_CURVE('',#2068,#2066,#958,.T.);
#3605=EDGE_CURVE('',#2068,#2051,#1022,.T.);
#3607=EDGE_CURVE('',#2051,#2052,#962,.T.);
#3609=EDGE_CURVE('',#2052,#2054,#966,.T.);
#3611=EDGE_CURVE('',#2056,#2054,#970,.T.);
#3613=EDGE_CURVE('',#2056,#2039,#1006,.T.);
#3615=EDGE_CURVE('',#2039,#2040,#974,.T.);
#3617=EDGE_CURVE('',#2040,#2042,#978,.T.);
#3619=EDGE_CURVE('',#2044,#2042,#982,.T.);
#3621=EDGE_CURVE('',#2044,#1898,#990,.T.);
#3628=ADVANCED_FACE('',(#3627),#3596,.F.);
#3639=EDGE_CURVE('',#2044,#2048,#994,.T.);
#3641=EDGE_CURVE('',#2047,#2048,#998,.T.);
#3643=EDGE_CURVE('',#2039,#2047,#1002,.T.);
#3646=EDGE_CURVE('',#2056,#2060,#1010,.T.);
#3648=EDGE_CURVE('',#2059,#2060,#1014,.T.);
#3650=EDGE_CURVE('',#2051,#2059,#1018,.T.);
#3653=EDGE_CURVE('',#2068,#2072,#1026,.T.);
#3655=EDGE_CURVE('',#2071,#2072,#1030,.T.);
#3657=EDGE_CURVE('',#2063,#2071,#1034,.T.);
#3661=ADVANCED_FACE('',(#3660),#3633,.F.);
#3667=EDGE_CURVE('',#2367,#2368,#1039,.T.);
#3669=EDGE_CURVE('',#2367,#2048,#1068,.T.);
#3673=EDGE_CURVE('',#2042,#2368,#1043,.T.);
#3677=ADVANCED_FACE('',(#3676),#3666,.T.);
#3684=EDGE_CURVE('',#2370,#2368,#1047,.T.);
#3686=EDGE_CURVE('',#2370,#2372,#1056,.T.);
#3688=EDGE_CURVE('',#2372,#2367,#1060,.T.);
#3692=ADVANCED_FACE('',(#3691),#3682,.T.);
#3701=EDGE_CURVE('',#2040,#2370,#1051,.T.);
#3705=ADVANCED_FACE('',(#3704),#3697,.T.);
#3715=EDGE_CURVE('',#2047,#2372,#1064,.T.);
#3719=ADVANCED_FACE('',(#3718),#3710,.T.);
#3731=ADVANCED_FACE('',(#3730),#3724,.T.);
#3737=EDGE_CURVE('',#2375,#2376,#1073,.T.);
#3739=EDGE_CURVE('',#2375,#2060,#1102,.T.);
#3743=EDGE_CURVE('',#2054,#2376,#1077,.T.);
#3747=ADVANCED_FACE('',(#3746),#3736,.T.);
#3754=EDGE_CURVE('',#2378,#2376,#1081,.T.);
#3756=EDGE_CURVE('',#2378,#2380,#1090,.T.);
#3758=EDGE_CURVE('',#2380,#2375,#1094,.T.);
#3762=ADVANCED_FACE('',(#3761),#3752,.T.);
#3771=EDGE_CURVE('',#2052,#2378,#1085,.T.);
#3775=ADVANCED_FACE('',(#3774),#3767,.T.);
#3785=EDGE_CURVE('',#2059,#2380,#1098,.T.);
#3789=ADVANCED_FACE('',(#3788),#3780,.T.);
#3801=ADVANCED_FACE('',(#3800),#3794,.T.);
#3807=EDGE_CURVE('',#2383,#2384,#1107,.T.);
#3809=EDGE_CURVE('',#2383,#2072,#1136,.T.);
#3813=EDGE_CURVE('',#2066,#2384,#1111,.T.);
#3817=ADVANCED_FACE('',(#3816),#3806,.T.);
#3824=EDGE_CURVE('',#2386,#2384,#1115,.T.);
#3826=EDGE_CURVE('',#2386,#2388,#1124,.T.);
#3828=EDGE_CURVE('',#2388,#2383,#1128,.T.);
#3832=ADVANCED_FACE('',(#3831),#3822,.T.);
#3841=EDGE_CURVE('',#2064,#2386,#1119,.T.);
#3845=ADVANCED_FACE('',(#3844),#3837,.T.);
#3855=EDGE_CURVE('',#2071,#2388,#1132,.T.);
#3859=ADVANCED_FACE('',(#3858),#3850,.T.);
#3871=ADVANCED_FACE('',(#3870),#3864,.T.);
#3878=EDGE_CURVE('',#2083,#2075,#1140,.T.);
#3880=EDGE_CURVE('',#2075,#2076,#1156,.T.);
#3882=EDGE_CURVE('',#2084,#2076,#1152,.T.);
#3886=ADVANCED_FACE('',(#3885),#3876,.T.);
#3893=EDGE_CURVE('',#2088,#2080,#1144,.T.);
#3895=EDGE_CURVE('',#2080,#2075,#1160,.T.);
#3900=ADVANCED_FACE('',(#3899),#3891,.T.);
#3907=EDGE_CURVE('',#2086,#2078,#1148,.T.);
#3909=EDGE_CURVE('',#2078,#2080,#1164,.T.);
#3914=ADVANCED_FACE('',(#3913),#3905,.T.);
#3922=EDGE_CURVE('',#2076,#2078,#1168,.T.);
#3927=ADVANCED_FACE('',(#3926),#3919,.T.);
#3939=ADVANCED_FACE('',(#3938),#3932,.T.);
#3946=EDGE_CURVE('',#2283,#2275,#1172,.T.);
#3948=EDGE_CURVE('',#2275,#2276,#1188,.T.);
#3950=EDGE_CURVE('',#2284,#2276,#1184,.T.);
#3954=ADVANCED_FACE('',(#3953),#3944,.T.);
#3961=EDGE_CURVE('',#2288,#2280,#1176,.T.);
#3963=EDGE_CURVE('',#2280,#2275,#1192,.T.);
#3968=ADVANCED_FACE('',(#3967),#3959,.T.);
#3975=EDGE_CURVE('',#2286,#2278,#1180,.T.);
#3977=EDGE_CURVE('',#2278,#2280,#1196,.T.);
#3982=ADVANCED_FACE('',(#3981),#3973,.T.);
#3990=EDGE_CURVE('',#2276,#2278,#1200,.T.);
#3995=ADVANCED_FACE('',(#3994),#3987,.T.);
#4007=ADVANCED_FACE('',(#4006),#4000,.T.);
#4014=EDGE_CURVE('',#2299,#2291,#1204,.T.);
#4016=EDGE_CURVE('',#2291,#2292,#1220,.T.);
#4018=EDGE_CURVE('',#2300,#2292,#1216,.T.);
#4022=ADVANCED_FACE('',(#4021),#4012,.T.);
#4029=EDGE_CURVE('',#2304,#2296,#1208,.T.);
#4031=EDGE_CURVE('',#2296,#2291,#1224,.T.);
#4036=ADVANCED_FACE('',(#4035),#4027,.T.);
#4043=EDGE_CURVE('',#2302,#2294,#1212,.T.);
#4045=EDGE_CURVE('',#2294,#2296,#1228,.T.);
#4050=ADVANCED_FACE('',(#4049),#4041,.T.);
#4058=EDGE_CURVE('',#2292,#2294,#1232,.T.);
#4063=ADVANCED_FACE('',(#4062),#4055,.T.);
#4075=ADVANCED_FACE('',(#4074),#4068,.T.);
#4082=EDGE_CURVE('',#2315,#2307,#1236,.T.);
#4084=EDGE_CURVE('',#2307,#2308,#1252,.T.);
#4086=EDGE_CURVE('',#2316,#2308,#1248,.T.);
#4090=ADVANCED_FACE('',(#4089),#4080,.T.);
#4097=EDGE_CURVE('',#2320,#2312,#1240,.T.);
#4099=EDGE_CURVE('',#2312,#2307,#1256,.T.);
#4104=ADVANCED_FACE('',(#4103),#4095,.T.);
#4111=EDGE_CURVE('',#2318,#2310,#1244,.T.);
#4113=EDGE_CURVE('',#2310,#2312,#1260,.T.);
#4118=ADVANCED_FACE('',(#4117),#4109,.T.);
#4126=EDGE_CURVE('',#2308,#2310,#1264,.T.);
#4131=ADVANCED_FACE('',(#4130),#4123,.T.);
#4143=ADVANCED_FACE('',(#4142),#4136,.T.);
#4155=ADVANCED_FACE('',(#4154),#4148,.T.);
#4163=EDGE_CURVE('',#2012,#2016,#1272,.T.);
#4168=ADVANCED_FACE('',(#4167),#4160,.F.);
#4175=EDGE_CURVE('',#2010,#2014,#1276,.T.);
#4181=EDGE_CURVE('',#2359,#2360,#1280,.T.);
#4183=EDGE_CURVE('',#2360,#2362,#1284,.T.);
#4185=EDGE_CURVE('',#2362,#2364,#1288,.T.);
#4187=EDGE_CURVE('',#2364,#2359,#1292,.T.);
#4191=ADVANCED_FACE('',(#4180,#4190),#4173,.F.);
#4203=ADVANCED_FACE('',(#4202),#4196,.F.);
#4210=EDGE_CURVE('',#2359,#2351,#1296,.T.);
#4212=EDGE_CURVE('',#2351,#2352,#1312,.T.);
#4214=EDGE_CURVE('',#2360,#2352,#1308,.T.);
#4218=ADVANCED_FACE('',(#4217),#4208,.T.);
#4225=EDGE_CURVE('',#2364,#2356,#1300,.T.);
#4227=EDGE_CURVE('',#2356,#2351,#1316,.T.);
#4232=ADVANCED_FACE('',(#4231),#4223,.T.);
#4239=EDGE_CURVE('',#2362,#2354,#1304,.T.);
#4241=EDGE_CURVE('',#2354,#2356,#1320,.T.);
#4246=ADVANCED_FACE('',(#4245),#4237,.T.);
#4254=EDGE_CURVE('',#2352,#2354,#1324,.T.);
#4259=ADVANCED_FACE('',(#4258),#4251,.T.);
#4271=ADVANCED_FACE('',(#4270),#4264,.T.);
#4279=EDGE_CURVE('',#2028,#2032,#1328,.T.);
#4284=ADVANCED_FACE('',(#4283),#4276,.F.);
#4291=EDGE_CURVE('',#2026,#2030,#1332,.T.);
#4297=EDGE_CURVE('',#2267,#2268,#1336,.T.);
#4299=EDGE_CURVE('',#2348,#2267,#1340,.T.);
#4301=EDGE_CURVE('',#2347,#2348,#1344,.T.);
#4303=EDGE_CURVE('',#2347,#2268,#1348,.T.);
#4307=ADVANCED_FACE('',(#4296,#4306),#4289,.F.);
#4319=ADVANCED_FACE('',(#4318),#4312,.F.);
#4326=EDGE_CURVE('',#2412,#2268,#1352,.T.);
#4328=EDGE_CURVE('',#2410,#2412,#1356,.T.);
#4330=EDGE_CURVE('',#2408,#2410,#1361,.T.);
#4332=EDGE_CURVE('',#2406,#2408,#1365,.T.);
#4334=EDGE_CURVE('',#2404,#2406,#1370,.T.);
#4336=EDGE_CURVE('',#2402,#2404,#1374,.T.);
#4338=EDGE_CURVE('',#2400,#2402,#1378,.T.);
#4340=EDGE_CURVE('',#2398,#2400,#1382,.T.);
#4342=EDGE_CURVE('',#2396,#2398,#1387,.T.);
#4344=EDGE_CURVE('',#2394,#2396,#1391,.T.);
#4346=EDGE_CURVE('',#2392,#2394,#1396,.T.);
#4348=EDGE_CURVE('',#2391,#2392,#1400,.T.);
#4350=EDGE_CURVE('',#2267,#2391,#1404,.T.);
#4354=ADVANCED_FACE('',(#4353),#4324,.T.);
#4361=EDGE_CURVE('',#2436,#2347,#1464,.T.);
#4363=EDGE_CURVE('',#2412,#2436,#1408,.T.);
#4368=ADVANCED_FACE('',(#4367),#4359,.T.);
#4375=EDGE_CURVE('',#2348,#2415,#1412,.T.);
#4377=EDGE_CURVE('',#2415,#2416,#1416,.T.);
#4379=EDGE_CURVE('',#2416,#2418,#1421,.T.);
#4381=EDGE_CURVE('',#2418,#2420,#1425,.T.);
#4383=EDGE_CURVE('',#2420,#2422,#1430,.T.);
#4385=EDGE_CURVE('',#2422,#2424,#1434,.T.);
#4387=EDGE_CURVE('',#2424,#2426,#1438,.T.);
#4389=EDGE_CURVE('',#2426,#2428,#1442,.T.);
#4391=EDGE_CURVE('',#2428,#2430,#1447,.T.);
#4393=EDGE_CURVE('',#2430,#2432,#1451,.T.);
#4395=EDGE_CURVE('',#2432,#2434,#1456,.T.);
#4397=EDGE_CURVE('',#2434,#2436,#1460,.T.);
#4402=ADVANCED_FACE('',(#4401),#4373,.T.);
#4410=EDGE_CURVE('',#2391,#2415,#1468,.T.);
#4415=ADVANCED_FACE('',(#4414),#4407,.T.);
#4422=EDGE_CURVE('',#2392,#2416,#1472,.T.);
#4428=ADVANCED_FACE('',(#4427),#4420,.T.);
#4435=EDGE_CURVE('',#2394,#2418,#1476,.T.);
#4441=ADVANCED_FACE('',(#4440),#4433,.F.);
#4448=EDGE_CURVE('',#2396,#2420,#1480,.T.);
#4454=ADVANCED_FACE('',(#4453),#4446,.T.);
#4461=EDGE_CURVE('',#2398,#2422,#1484,.T.);
#4467=ADVANCED_FACE('',(#4466),#4459,.T.);
#4474=EDGE_CURVE('',#2400,#2424,#1488,.T.);
#4480=ADVANCED_FACE('',(#4479),#4472,.T.);
#4487=EDGE_CURVE('',#2402,#2426,#1492,.T.);
#4493=ADVANCED_FACE('',(#4492),#4485,.T.);
#4500=EDGE_CURVE('',#2404,#2428,#1496,.T.);
#4506=ADVANCED_FACE('',(#4505),#4498,.T.);
#4513=EDGE_CURVE('',#2406,#2430,#1500,.T.);
#4519=ADVANCED_FACE('',(#4518),#4511,.F.);
#4526=EDGE_CURVE('',#2408,#2432,#1504,.T.);
#4532=ADVANCED_FACE('',(#4531),#4524,.T.);
#4539=EDGE_CURVE('',#2410,#2434,#1508,.T.);
#4545=ADVANCED_FACE('',(#4544),#4537,.T.);
#4557=ADVANCED_FACE('',(#4556),#4550,.T.);
#4565=EDGE_CURVE('',#2148,#2152,#1512,.T.);
#4570=ADVANCED_FACE('',(#4569),#4562,.F.);
#4582=EDGE_CURVE('',#2259,#2260,#1520,.T.);
#4584=EDGE_CURVE('',#2262,#2259,#1524,.T.);
#4586=EDGE_CURVE('',#2264,#2262,#1528,.T.);
#4588=EDGE_CURVE('',#2264,#2260,#1532,.T.);
#4592=ADVANCED_FACE('',(#4581,#4591),#4575,.F.);
#4599=EDGE_CURVE('',#2232,#2260,#1536,.T.);
#4601=EDGE_CURVE('',#2230,#2232,#1540,.T.);
#4603=EDGE_CURVE('',#2228,#2230,#1545,.T.);
#4605=EDGE_CURVE('',#2226,#2228,#1549,.T.);
#4607=EDGE_CURVE('',#2224,#2226,#1554,.T.);
#4609=EDGE_CURVE('',#2222,#2224,#1558,.T.);
#4611=EDGE_CURVE('',#2220,#2222,#1562,.T.);
#4613=EDGE_CURVE('',#2218,#2220,#1566,.T.);
#4615=EDGE_CURVE('',#2216,#2218,#1571,.T.);
#4617=EDGE_CURVE('',#2214,#2216,#1575,.T.);
#4619=EDGE_CURVE('',#2212,#2214,#1580,.T.);
#4621=EDGE_CURVE('',#2211,#2212,#1584,.T.);
#4623=EDGE_CURVE('',#2259,#2211,#1588,.T.);
#4627=ADVANCED_FACE('',(#4626),#4597,.T.);
#4634=EDGE_CURVE('',#2256,#2264,#1648,.T.);
#4636=EDGE_CURVE('',#2232,#2256,#1592,.T.);
#4641=ADVANCED_FACE('',(#4640),#4632,.T.);
#4647=EDGE_CURVE('',#2262,#2235,#1596,.T.);
#4649=EDGE_CURVE('',#2235,#2236,#1600,.T.);
#4651=EDGE_CURVE('',#2236,#2238,#1605,.T.);
#4653=EDGE_CURVE('',#2238,#2240,#1609,.T.);
#4655=EDGE_CURVE('',#2240,#2242,#1614,.T.);
#4657=EDGE_CURVE('',#2242,#2244,#1618,.T.);
#4659=EDGE_CURVE('',#2244,#2246,#1622,.T.);
#4661=EDGE_CURVE('',#2246,#2248,#1626,.T.);
#4663=EDGE_CURVE('',#2248,#2250,#1631,.T.);
#4665=EDGE_CURVE('',#2250,#2252,#1635,.T.);
#4667=EDGE_CURVE('',#2252,#2254,#1640,.T.);
#4669=EDGE_CURVE('',#2254,#2256,#1644,.T.);
#4675=ADVANCED_FACE('',(#4674),#4646,.T.);
#4683=EDGE_CURVE('',#2211,#2235,#1652,.T.);
#4688=ADVANCED_FACE('',(#4687),#4680,.T.);
#4695=EDGE_CURVE('',#2212,#2236,#1656,.T.);
#4701=ADVANCED_FACE('',(#4700),#4693,.T.);
#4708=EDGE_CURVE('',#2214,#2238,#1660,.T.);
#4714=ADVANCED_FACE('',(#4713),#4706,.T.);
#4721=EDGE_CURVE('',#2216,#2240,#1664,.T.);
#4727=ADVANCED_FACE('',(#4726),#4719,.T.);
#4734=EDGE_CURVE('',#2218,#2242,#1668,.T.);
#4740=ADVANCED_FACE('',(#4739),#4732,.F.);
#4747=EDGE_CURVE('',#2220,#2244,#1672,.T.);
#4753=ADVANCED_FACE('',(#4752),#4745,.T.);
#4760=EDGE_CURVE('',#2222,#2246,#1676,.T.);
#4766=ADVANCED_FACE('',(#4765),#4758,.T.);
#4773=EDGE_CURVE('',#2224,#2248,#1680,.T.);
#4779=ADVANCED_FACE('',(#4778),#4771,.T.);
#4786=EDGE_CURVE('',#2226,#2250,#1684,.T.);
#4792=ADVANCED_FACE('',(#4791),#4784,.T.);
#4799=EDGE_CURVE('',#2228,#2252,#1688,.T.);
#4805=ADVANCED_FACE('',(#4804),#4797,.T.);
#4812=EDGE_CURVE('',#2230,#2254,#1692,.T.);
#4818=ADVANCED_FACE('',(#4817),#4810,.F.);
#4830=ADVANCED_FACE('',(#4829),#4823,.T.);
#4837=EDGE_CURVE('',#2176,#2204,#1696,.T.);
#4839=EDGE_CURVE('',#2174,#2176,#1700,.T.);
#4841=EDGE_CURVE('',#2172,#2174,#1705,.T.);
#4843=EDGE_CURVE('',#2170,#2172,#1709,.T.);
#4845=EDGE_CURVE('',#2168,#2170,#1714,.T.);
#4847=EDGE_CURVE('',#2166,#2168,#1718,.T.);
#4849=EDGE_CURVE('',#2164,#2166,#1722,.T.);
#4851=EDGE_CURVE('',#2162,#2164,#1726,.T.);
#4853=EDGE_CURVE('',#2160,#2162,#1731,.T.);
#4855=EDGE_CURVE('',#2158,#2160,#1735,.T.);
#4857=EDGE_CURVE('',#2156,#2158,#1740,.T.);
#4859=EDGE_CURVE('',#2155,#2156,#1744,.T.);
#4861=EDGE_CURVE('',#2203,#2155,#1748,.T.);
#4865=ADVANCED_FACE('',(#4864),#4835,.T.);
#4872=EDGE_CURVE('',#2200,#2207,#1808,.T.);
#4874=EDGE_CURVE('',#2176,#2200,#1752,.T.);
#4879=ADVANCED_FACE('',(#4878),#4870,.T.);
#4886=EDGE_CURVE('',#2208,#2179,#1756,.T.);
#4888=EDGE_CURVE('',#2179,#2180,#1760,.T.);
#4890=EDGE_CURVE('',#2180,#2182,#1765,.T.);
#4892=EDGE_CURVE('',#2182,#2184,#1769,.T.);
#4894=EDGE_CURVE('',#2184,#2186,#1774,.T.);
#4896=EDGE_CURVE('',#2186,#2188,#1778,.T.);
#4898=EDGE_CURVE('',#2188,#2190,#1782,.T.);
#4900=EDGE_CURVE('',#2190,#2192,#1786,.T.);
#4902=EDGE_CURVE('',#2192,#2194,#1791,.T.);
#4904=EDGE_CURVE('',#2194,#2196,#1795,.T.);
#4906=EDGE_CURVE('',#2196,#2198,#1800,.T.);
#4908=EDGE_CURVE('',#2198,#2200,#1804,.T.);
#4913=ADVANCED_FACE('',(#4912),#4884,.T.);
#4921=EDGE_CURVE('',#2155,#2179,#1812,.T.);
#4926=ADVANCED_FACE('',(#4925),#4918,.T.);
#4933=EDGE_CURVE('',#2156,#2180,#1816,.T.);
#4939=ADVANCED_FACE('',(#4938),#4931,.T.);
#4946=EDGE_CURVE('',#2158,#2182,#1820,.T.);
#4952=ADVANCED_FACE('',(#4951),#4944,.T.);
#4959=EDGE_CURVE('',#2160,#2184,#1824,.T.);
#4965=ADVANCED_FACE('',(#4964),#4957,.T.);
#4972=EDGE_CURVE('',#2162,#2186,#1828,.T.);
#4978=ADVANCED_FACE('',(#4977),#4970,.F.);
#4985=EDGE_CURVE('',#2164,#2188,#1832,.T.);
#4991=ADVANCED_FACE('',(#4990),#4983,.T.);
#4998=EDGE_CURVE('',#2166,#2190,#1836,.T.);
#5004=ADVANCED_FACE('',(#5003),#4996,.T.);
#5011=EDGE_CURVE('',#2168,#2192,#1840,.T.);
#5017=ADVANCED_FACE('',(#5016),#5009,.T.);
#5024=EDGE_CURVE('',#2170,#2194,#1844,.T.);
#5030=ADVANCED_FACE('',(#5029),#5022,.T.);
#5037=EDGE_CURVE('',#2172,#2196,#1848,.T.);
#5043=ADVANCED_FACE('',(#5042),#5035,.T.);
#5050=EDGE_CURVE('',#2174,#2198,#1852,.T.);
#5056=ADVANCED_FACE('',(#5055),#5048,.F.);
#5068=ADVANCED_FACE('',(#5067),#5061,.T.);
#5080=ADVANCED_FACE('',(#5079),#5073,.T.);
#5090=(GEOMETRIC_REPRESENTATION_CONTEXT(3)GLOBAL_UNCERTAINTY_ASSIGNED_CONTEXT((
#5089))GLOBAL_UNIT_ASSIGNED_CONTEXT((#5083,#5087,#5088))REPRESENTATION_CONTEXT(
'ID1','3'));
#5091=ADVANCED_BREP_SHAPE_REPRESENTATION('',(#5082),#5090);
#5098=PRODUCT_DEFINITION('part definition','',#5097,#5094);
#5099=PRODUCT_DEFINITION_SHAPE('','SHAPE FOR C-1735446-4.',#5098);
#5100=SHAPE_REPRESENTATION('',(#5082),#5090);
#5101=SHAPE_ASPECT('','solid data associated with C-1735446-4',#5099,.F.);
#5102=PROPERTY_DEFINITION('',
'shape for solid data with which properties are associated',#5101);
#5103=SHAPE_DEFINITION_REPRESENTATION(#5102,#5100);
#5108=PROPERTY_DEFINITION('geometric_validation_property','area of C-1735446-4',
#5101);
#5109=REPRESENTATION('surface area',(#5107),#5090);
#5110=PROPERTY_DEFINITION_REPRESENTATION(#5108,#5109);
#5115=PROPERTY_DEFINITION('geometric_validation_property',
'volume of C-1735446-4',#5101);
#5116=REPRESENTATION('volume',(#5114),#5090);
#5117=PROPERTY_DEFINITION_REPRESENTATION(#5115,#5116);
#5119=PROPERTY_DEFINITION('geometric_validation_property',
'centroid of C-1735446-4',#5101);
#5120=REPRESENTATION('centroid',(#5118),#5090);
#5121=PROPERTY_DEFINITION_REPRESENTATION(#5119,#5120);
#5122=SHAPE_DEFINITION_REPRESENTATION(#5099,#5091);
ENDSEC;
END-ISO-10303-21;
